model,index,y_hat,cf_y_hat,changes_json,x_json,cf_json
discrete_recoursenet,5537,0,1,"[{""feature"": ""quiz_click"", ""from"": 76.0, ""to"": 5625.0}]","{""num_of_prev_attempts"": 1.0, ""weight"": 11.0, ""weighted_score"": 53.09090805053711, ""studied_credits"": 30.0, ""forumng_click"": 33.0, ""homepage_click"": 35.0, ""oucontent_click"": 0.0, ""resource_click"": 18.0, ""subpage_click"": 10.0, ""url_click"": 2.0, ""dataplus_click"": 0.0, ""glossary_click"": 0.0, ""oucollaborate_click"": 0.0, ""quiz_click"": 76.0, ""ouelluminate_click"": 0.0, ""sharedsubpage_click"": 0.0, ""questionnaire_click"": 0.0, ""page_click"": 0.0, ""externalquiz_click"": 0.0, ""ouwiki_click"": 0.0, ""dualpane_click"": 0.0, ""folder_click"": 0.0, ""repeatactivity_click"": 0.0, ""htmlactivity_click"": 0.0, ""code_module"": ""CCC"", ""gender"": ""M"", ""region"": ""Wales"", ""highest_education"": ""Lower Than A Level"", ""imd_band"": ""20-30%"", ""age_band"": ""0-35"", ""disability"": ""N""}","{""num_of_prev_attempts"": 1.0, ""weight"": 11.0, ""weighted_score"": 53.09090805053711, ""studied_credits"": 30.0, ""forumng_click"": 33.0, ""homepage_click"": 35.0, ""oucontent_click"": 0.0, ""resource_click"": 18.0, ""subpage_click"": 10.0, ""url_click"": 2.0, ""dataplus_click"": 0.0, ""glossary_click"": 0.0, ""oucollaborate_click"": 0.0, ""quiz_click"": 5625.0, ""ouelluminate_click"": 0.0, ""sharedsubpage_click"": 0.0, ""questionnaire_click"": 0.0, ""page_click"": 0.0, ""externalquiz_click"": 0.0, ""ouwiki_click"": 0.0, ""dualpane_click"": 0.0, ""folder_click"": 0.0, ""repeatactivity_click"": 0.0, ""htmlactivity_click"": 0.0, ""code_module"": ""CCC"", ""gender"": ""M"", ""region"": ""Wales"", ""highest_education"": ""Lower Than A Level"", ""imd_band"": ""20-30%"", ""age_band"": ""0-35"", ""disability"": ""N""}"
discrete_recoursenet,5301,1,1,"[{""feature"": ""quiz_click"", ""from"": 60.0, ""to"": 5040.0}]","{""num_of_prev_attempts"": 1.0, ""weight"": 63.0, ""weighted_score"": 77.04762268066406, ""studied_credits"": 60.0, ""forumng_click"": 8.0, ""homepage_click"": 45.0, ""oucontent_click"": 0.0, ""resource_click"": 1.0, ""subpage_click"": 5.0, ""url_click"": 0.0, ""dataplus_click"": 0.0, ""glossary_click"": 0.0, ""oucollaborate_click"": 0.0, ""quiz_click"": 60.0, ""ouelluminate_click"": 0.0, ""sharedsubpage_click"": 0.0, ""questionnaire_click"": 0.0, ""page_click"": 0.0, ""externalquiz_click"": 0.0, ""ouwiki_click"": 0.0, ""dualpane_click"": 0.0, ""folder_click"": 0.0, ""repeatactivity_click"": 0.0, ""htmlactivity_click"": 0.0, ""code_module"": ""BBB"", ""gender"": ""F"", ""region"": ""South East Region"", ""highest_education"": ""A Level or Equivalent"", ""imd_band"": ""80-90%"", ""age_band"": ""0-35"", ""disability"": ""N""}","{""num_of_prev_attempts"": 1.0, ""weight"": 63.0, ""weighted_score"": 77.04762268066406, ""studied_credits"": 60.0, ""forumng_click"": 8.0, ""homepage_click"": 45.0, ""oucontent_click"": 0.0, ""resource_click"": 1.0, ""subpage_click"": 5.0, ""url_click"": 0.0, ""dataplus_click"": 0.0, ""glossary_click"": 0.0, ""oucollaborate_click"": 0.0, ""quiz_click"": 5040.0, ""ouelluminate_click"": 0.0, ""sharedsubpage_click"": 0.0, ""questionnaire_click"": 0.0, ""page_click"": 0.0, ""externalquiz_click"": 0.0, ""ouwiki_click"": 0.0, ""dualpane_click"": 0.0, ""folder_click"": 0.0, ""repeatactivity_click"": 0.0, ""htmlactivity_click"": 0.0, ""code_module"": ""BBB"", ""gender"": ""F"", ""region"": ""South East Region"", ""highest_education"": ""A Level or Equivalent"", ""imd_band"": ""80-90%"", ""age_band"": ""0-35"", ""disability"": ""N""}"
discrete_recoursenet,4147,0,1,"[{""feature"": ""quiz_click"", ""from"": 10.0, ""to"": 5625.0}]","{""num_of_prev_attempts"": 0.0, ""weight"": 100.0, ""weighted_score"": 56.900001525878906, ""studied_credits"": 60.0, ""forumng_click"": 0.0, ""homepage_click"": 12.0, ""oucontent_click"": 20.0, ""resource_click"": 10.0, ""subpage_click"": 12.0, ""url_click"": 0.0, ""dataplus_click"": 0.0, ""glossary_click"": 0.0, ""oucollaborate_click"": 0.0, ""quiz_click"": 10.0, ""ouelluminate_click"": 0.0, ""sharedsubpage_click"": 0.0, ""questionnaire_click"": 0.0, ""page_click"": 0.0, ""externalquiz_click"": 0.0, ""ouwiki_click"": 0.0, ""dualpane_click"": 0.0, ""folder_click"": 0.0, ""repeatactivity_click"": 0.0, ""htmlactivity_click"": 0.0, ""code_module"": ""BBB"", ""gender"": ""F"", ""region"": ""West Midlands Region"", ""highest_education"": ""Lower Than A Level"", ""imd_band"": ""10-20"", ""age_band"": ""0-35"", ""disability"": ""Y""}","{""num_of_prev_attempts"": 0.0, ""weight"": 100.0, ""weighted_score"": 56.900001525878906, ""studied_credits"": 60.0, ""forumng_click"": 0.0, ""homepage_click"": 12.0, ""oucontent_click"": 20.0, ""resource_click"": 10.0, ""subpage_click"": 12.0, ""url_click"": 0.0, ""dataplus_click"": 0.0, ""glossary_click"": 0.0, ""oucollaborate_click"": 0.0, ""quiz_click"": 5625.0, ""ouelluminate_click"": 0.0, ""sharedsubpage_click"": 0.0, ""questionnaire_click"": 0.0, ""page_click"": 0.0, ""externalquiz_click"": 0.0, ""ouwiki_click"": 0.0, ""dualpane_click"": 0.0, ""folder_click"": 0.0, ""repeatactivity_click"": 0.0, ""htmlactivity_click"": 0.0, ""code_module"": ""BBB"", ""gender"": ""F"", ""region"": ""West Midlands Region"", ""highest_education"": ""Lower Than A Level"", ""imd_band"": ""10-20"", ""age_band"": ""0-35"", ""disability"": ""Y""}"
discrete_recoursenet,3328,1,1,"[{""feature"": ""quiz_click"", ""from"": 849.0, ""to"": 5040.0}]","{""num_of_prev_attempts"": 0.0, ""weight"": 100.0, ""weighted_score"": 91.0, ""studied_credits"": 60.0, ""forumng_click"": 304.0, ""homepage_click"": 468.0, ""oucontent_click"": 1325.0, ""resource_click"": 33.0, ""subpage_click"": 278.0, ""url_click"": 52.0, ""dataplus_click"": 23.0, ""glossary_click"": 0.0, ""oucollaborate_click"": 0.0, ""quiz_click"": 849.0, ""ouelluminate_click"": 0.0, ""sharedsubpage_click"": 0.0, ""questionnaire_click"": 24.0, ""page_click"": 11.0, ""externalquiz_click"": 0.0, ""ouwiki_click"": 34.0, ""dualpane_click"": 7.000000476837158, ""folder_click"": 1.0, ""repeatactivity_click"": 0.0, ""htmlactivity_click"": 0.0, ""code_module"": ""FFF"", ""gender"": ""F"", ""region"": ""South West Region"", ""highest_education"": ""Lower Than A Level"", ""imd_band"": ""60-70%"", ""age_band"": ""0-35"", ""disability"": ""N""}","{""num_of_prev_attempts"": 0.0, ""weight"": 100.0, ""weighted_score"": 91.0, ""studied_credits"": 60.0, ""forumng_click"": 304.0, ""homepage_click"": 468.0, ""oucontent_click"": 1325.0, ""resource_click"": 33.0, ""subpage_click"": 278.0, ""url_click"": 52.0, ""dataplus_click"": 23.0, ""glossary_click"": 0.0, ""oucollaborate_click"": 0.0, ""quiz_click"": 5040.0, ""ouelluminate_click"": 0.0, ""sharedsubpage_click"": 0.0, ""questionnaire_click"": 24.0, ""page_click"": 11.0, ""externalquiz_click"": 0.0, ""ouwiki_click"": 34.0, ""dualpane_click"": 7.000000476837158, ""folder_click"": 1.0, ""repeatactivity_click"": 0.0, ""htmlactivity_click"": 0.0, ""code_module"": ""FFF"", ""gender"": ""F"", ""region"": ""South West Region"", ""highest_education"": ""Lower Than A Level"", ""imd_band"": ""60-70%"", ""age_band"": ""0-35"", ""disability"": ""N""}"
discrete_recoursenet,1757,0,1,"[{""feature"": ""quiz_click"", ""from"": 84.0, ""to"": 5625.0}]","{""num_of_prev_attempts"": 0.0, ""weight"": 16.0, ""weighted_score"": 93.0, ""studied_credits"": 60.0, ""forumng_click"": 26.999998092651367, ""homepage_click"": 67.0, ""oucontent_click"": 212.0, ""resource_click"": 3.0, ""subpage_click"": 7.000000476837158, ""url_click"": 12.0, ""dataplus_click"": 0.0, ""glossary_click"": 0.0, ""oucollaborate_click"": 1.0, ""quiz_click"": 84.0, ""ouelluminate_click"": 0.0, ""sharedsubpage_click"": 0.0, ""questionnaire_click"": 0.0, ""page_click"": 0.0, ""externalquiz_click"": 0.0, ""ouwiki_click"": 0.0, ""dualpane_click"": 0.0, ""folder_click"": 0.0, ""repeatactivity_click"": 0.0, ""htmlactivity_click"": 0.0, ""code_module"": ""EEE"", ""gender"": ""M"", ""region"": ""North Western Region"", ""highest_education"": ""HE Qualification"", ""imd_band"": ""0-10%"", ""age_band"": ""0-35"", ""disability"": ""N""}","{""num_of_prev_attempts"": 0.0, ""weight"": 16.0, ""weighted_score"": 93.0, ""studied_credits"": 60.0, ""forumng_click"": 26.999998092651367, ""homepage_click"": 67.0, ""oucontent_click"": 212.0, ""resource_click"": 3.0, ""subpage_click"": 7.000000476837158, ""url_click"": 12.0, ""dataplus_click"": 0.0, ""glossary_click"": 0.0, ""oucollaborate_click"": 1.0, ""quiz_click"": 5625.0, ""ouelluminate_click"": 0.0, ""sharedsubpage_click"": 0.0, ""questionnaire_click"": 0.0, ""page_click"": 0.0, ""externalquiz_click"": 0.0, ""ouwiki_click"": 0.0, ""dualpane_click"": 0.0, ""folder_click"": 0.0, ""repeatactivity_click"": 0.0, ""htmlactivity_click"": 0.0, ""code_module"": ""EEE"", ""gender"": ""M"", ""region"": ""North Western Region"", ""highest_education"": ""HE Qualification"", ""imd_band"": ""0-10%"", ""age_band"": ""0-35"", ""disability"": ""N""}"
discrete_recoursenet,266,1,1,"[{""feature"": ""quiz_click"", ""from"": 109.0, ""to"": 5040.0}]","{""num_of_prev_attempts"": 0.0, ""weight"": 100.0, ""weighted_score"": 80.19000244140625, ""studied_credits"": 120.0, ""forumng_click"": 142.0, ""homepage_click"": 172.0, ""oucontent_click"": 13.0, ""resource_click"": 13.0, ""subpage_click"": 30.0, ""url_click"": 11.0, ""dataplus_click"": 0.0, ""glossary_click"": 0.0, ""oucollaborate_click"": 0.0, ""quiz_click"": 109.0, ""ouelluminate_click"": 0.0, ""sharedsubpage_click"": 0.0, ""questionnaire_click"": 0.0, ""page_click"": 0.0, ""externalquiz_click"": 0.0, ""ouwiki_click"": 0.0, ""dualpane_click"": 0.0, ""folder_click"": 0.0, ""repeatactivity_click"": 0.0, ""htmlactivity_click"": 0.0, ""code_module"": ""BBB"", ""gender"": ""F"", ""region"": ""West Midlands Region"", ""highest_education"": ""A Level or Equivalent"", ""imd_band"": ""0-10%"", ""age_band"": ""0-35"", ""disability"": ""N""}","{""num_of_prev_attempts"": 0.0, ""weight"": 100.0, ""weighted_score"": 80.19000244140625, ""studied_credits"": 120.0, ""forumng_click"": 142.0, ""homepage_click"": 172.0, ""oucontent_click"": 13.0, ""resource_click"": 13.0, ""subpage_click"": 30.0, ""url_click"": 11.0, ""dataplus_click"": 0.0, ""glossary_click"": 0.0, ""oucollaborate_click"": 0.0, ""quiz_click"": 5040.0, ""ouelluminate_click"": 0.0, ""sharedsubpage_click"": 0.0, ""questionnaire_click"": 0.0, ""page_click"": 0.0, ""externalquiz_click"": 0.0, ""ouwiki_click"": 0.0, ""dualpane_click"": 0.0, ""folder_click"": 0.0, ""repeatactivity_click"": 0.0, ""htmlactivity_click"": 0.0, ""code_module"": ""BBB"", ""gender"": ""F"", ""region"": ""West Midlands Region"", ""highest_education"": ""A Level or Equivalent"", ""imd_band"": ""0-10%"", ""age_band"": ""0-35"", ""disability"": ""N""}"
discrete_recoursenet,107,1,1,"[{""feature"": ""quiz_click"", ""from"": 984.0000610351562, ""to"": 5040.0}]","{""num_of_prev_attempts"": 0.0, ""weight"": 100.0, ""weighted_score"": 81.5, ""studied_credits"": 120.0, ""forumng_click"": 764.0, ""homepage_click"": 907.9999389648438, ""oucontent_click"": 2080.0, ""resource_click"": 33.0, ""subpage_click"": 514.0, ""url_click"": 105.0, ""dataplus_click"": 14.000000953674316, ""glossary_click"": 0.0, ""oucollaborate_click"": 0.0, ""quiz_click"": 984.0000610351562, ""ouelluminate_click"": 12.0, ""sharedsubpage_click"": 0.0, ""questionnaire_click"": 26.0, ""page_click"": 30.0, ""externalquiz_click"": 0.0, ""ouwiki_click"": 64.0, ""dualpane_click"": 6.0, ""folder_click"": 0.0, ""repeatactivity_click"": 0.0, ""htmlactivity_click"": 0.0, ""code_module"": ""FFF"", ""gender"": ""M"", ""region"": ""Scotland"", ""highest_education"": ""Lower Than A Level"", ""imd_band"": ""40-50%"", ""age_band"": ""0-35"", ""disability"": ""N""}","{""num_of_prev_attempts"": 0.0, ""weight"": 100.0, ""weighted_score"": 81.5, ""studied_credits"": 120.0, ""forumng_click"": 764.0, ""homepage_click"": 907.9999389648438, ""oucontent_click"": 2080.0, ""resource_click"": 33.0, ""subpage_click"": 514.0, ""url_click"": 105.0, ""dataplus_click"": 14.000000953674316, ""glossary_click"": 0.0, ""oucollaborate_click"": 0.0, ""quiz_click"": 5040.0, ""ouelluminate_click"": 12.0, ""sharedsubpage_click"": 0.0, ""questionnaire_click"": 26.0, ""page_click"": 30.0, ""externalquiz_click"": 0.0, ""ouwiki_click"": 64.0, ""dualpane_click"": 6.0, ""folder_click"": 0.0, ""repeatactivity_click"": 0.0, ""htmlactivity_click"": 0.0, ""code_module"": ""FFF"", ""gender"": ""M"", ""region"": ""Scotland"", ""highest_education"": ""Lower Than A Level"", ""imd_band"": ""40-50%"", ""age_band"": ""0-35"", ""disability"": ""N""}"
discrete_recoursenet,2005,0,1,"[{""feature"": ""quiz_click"", ""from"": 1.0, ""to"": 5625.0}]","{""num_of_prev_attempts"": 1.0, ""weight"": 0.0, ""weighted_score"": 0.0, ""studied_credits"": 60.0, ""forumng_click"": 2.0, ""homepage_click"": 28.000001907348633, ""oucontent_click"": 15.0, ""resource_click"": 5.0, ""subpage_click"": 21.0, ""url_click"": 4.0, ""dataplus_click"": 0.0, ""glossary_click"": 0.0, ""oucollaborate_click"": 0.0, ""quiz_click"": 1.0, ""ouelluminate_click"": 0.0, ""sharedsubpage_click"": 0.0, ""questionnaire_click"": 0.0, ""page_click"": 8.0, ""externalquiz_click"": 0.0, ""ouwiki_click"": 0.0, ""dualpane_click"": 0.0, ""folder_click"": 0.0, ""repeatactivity_click"": 0.0, ""htmlactivity_click"": 0.0, ""code_module"": ""FFF"", ""gender"": ""M"", ""region"": ""London Region"", ""highest_education"": ""A Level or Equivalent"", ""imd_band"": ""20-30%"", ""age_band"": ""0-35"", ""disability"": ""N""}","{""num_of_prev_attempts"": 1.0, ""weight"": 0.0, ""weighted_score"": 0.0, ""studied_credits"": 60.0, ""forumng_click"": 2.0, ""homepage_click"": 28.000001907348633, ""oucontent_click"": 15.0, ""resource_click"": 5.0, ""subpage_click"": 21.0, ""url_click"": 4.0, ""dataplus_click"": 0.0, ""glossary_click"": 0.0, ""oucollaborate_click"": 0.0, ""quiz_click"": 5625.0, ""ouelluminate_click"": 0.0, ""sharedsubpage_click"": 0.0, ""questionnaire_click"": 0.0, ""page_click"": 8.0, ""externalquiz_click"": 0.0, ""ouwiki_click"": 0.0, ""dualpane_click"": 0.0, ""folder_click"": 0.0, ""repeatactivity_click"": 0.0, ""htmlactivity_click"": 0.0, ""code_module"": ""FFF"", ""gender"": ""M"", ""region"": ""London Region"", ""highest_education"": ""A Level or Equivalent"", ""imd_band"": ""20-30%"", ""age_band"": ""0-35"", ""disability"": ""N""}"
discrete_recoursenet,1142,1,1,"[{""feature"": ""quiz_click"", ""from"": 0.0, ""to"": 5040.0}]","{""num_of_prev_attempts"": 0.0, ""weight"": 197.0, ""weighted_score"": 58.35533142089844, ""studied_credits"": 90.0, ""forumng_click"": 197.0, ""homepage_click"": 284.0, ""oucontent_click"": 246.00001525878906, ""resource_click"": 77.0, ""subpage_click"": 102.0, ""url_click"": 8.0, ""dataplus_click"": 0.0, ""glossary_click"": 0.0, ""oucollaborate_click"": 0.0, ""quiz_click"": 0.0, ""ouelluminate_click"": 3.0, ""sharedsubpage_click"": 0.0, ""questionnaire_click"": 0.0, ""page_click"": 0.0, ""externalquiz_click"": 12.0, ""ouwiki_click"": 19.0, ""dualpane_click"": 0.0, ""folder_click"": 0.0, ""repeatactivity_click"": 0.0, ""htmlactivity_click"": 0.0, ""code_module"": ""DDD"", ""gender"": ""F"", ""region"": ""South Region"", ""highest_education"": ""A Level or Equivalent"", ""imd_band"": ""40-50%"", ""age_band"": ""0-35"", ""disability"": ""N""}","{""num_of_prev_attempts"": 0.0, ""weight"": 197.0, ""weighted_score"": 58.35533142089844, ""studied_credits"": 90.0, ""forumng_click"": 197.0, ""homepage_click"": 284.0, ""oucontent_click"": 246.00001525878906, ""resource_click"": 77.0, ""subpage_click"": 102.0, ""url_click"": 8.0, ""dataplus_click"": 0.0, ""glossary_click"": 0.0, ""oucollaborate_click"": 0.0, ""quiz_click"": 5040.0, ""ouelluminate_click"": 3.0, ""sharedsubpage_click"": 0.0, ""questionnaire_click"": 0.0, ""page_click"": 0.0, ""externalquiz_click"": 12.0, ""ouwiki_click"": 19.0, ""dualpane_click"": 0.0, ""folder_click"": 0.0, ""repeatactivity_click"": 0.0, ""htmlactivity_click"": 0.0, ""code_module"": ""DDD"", ""gender"": ""F"", ""region"": ""South Region"", ""highest_education"": ""A Level or Equivalent"", ""imd_band"": ""40-50%"", ""age_band"": ""0-35"", ""disability"": ""N""}"
discrete_recoursenet,490,0,1,"[{""feature"": ""quiz_click"", ""from"": 40.0, ""to"": 5625.0}]","{""num_of_prev_attempts"": 0.0, ""weight"": 12.5, ""weighted_score"": 78.0, ""studied_credits"": 120.0, ""forumng_click"": 41.0, ""homepage_click"": 41.0, ""oucontent_click"": 62.0, ""resource_click"": 8.0, ""subpage_click"": 24.0, ""url_click"": 1.0, ""dataplus_click"": 0.0, ""glossary_click"": 0.0, ""oucollaborate_click"": 1.0, ""quiz_click"": 40.0, ""ouelluminate_click"": 0.0, ""sharedsubpage_click"": 0.0, ""questionnaire_click"": 0.0, ""page_click"": 0.0, ""externalquiz_click"": 0.0, ""ouwiki_click"": 0.0, ""dualpane_click"": 0.0, ""folder_click"": 0.0, ""repeatactivity_click"": 0.0, ""htmlactivity_click"": 4.0, ""code_module"": ""FFF"", ""gender"": ""M"", ""region"": ""East Midlands Region"", ""highest_education"": ""Lower Than A Level"", ""imd_band"": ""90-100%"", ""age_band"": ""0-35"", ""disability"": ""N""}","{""num_of_prev_attempts"": 0.0, ""weight"": 12.5, ""weighted_score"": 78.0, ""studied_credits"": 120.0, ""forumng_click"": 41.0, ""homepage_click"": 41.0, ""oucontent_click"": 62.0, ""resource_click"": 8.0, ""subpage_click"": 24.0, ""url_click"": 1.0, ""dataplus_click"": 0.0, ""glossary_click"": 0.0, ""oucollaborate_click"": 1.0, ""quiz_click"": 5625.0, ""ouelluminate_click"": 0.0, ""sharedsubpage_click"": 0.0, ""questionnaire_click"": 0.0, ""page_click"": 0.0, ""externalquiz_click"": 0.0, ""ouwiki_click"": 0.0, ""dualpane_click"": 0.0, ""folder_click"": 0.0, ""repeatactivity_click"": 0.0, ""htmlactivity_click"": 4.0, ""code_module"": ""FFF"", ""gender"": ""M"", ""region"": ""East Midlands Region"", ""highest_education"": ""Lower Than A Level"", ""imd_band"": ""90-100%"", ""age_band"": ""0-35"", ""disability"": ""N""}"
counternet_projection,5537,0,1,"[{""feature"": ""weighted_score"", ""from"": 53.09090805053711, ""to"": 97.5}, {""feature"": ""glossary_click"", ""from"": 0.0, ""to"": 591.0}, {""feature"": ""oucollaborate_click"", ""from"": 0.0, ""to"": 262.0}, {""feature"": ""quiz_click"", ""from"": 76.0, ""to"": 1080.0}, {""feature"": ""sharedsubpage_click"", ""from"": 0.0, ""to"": 6.0}, {""feature"": ""ouwiki_click"", ""from"": 0.0, ""to"": 104.0}, {""feature"": ""dualpane_click"", ""from"": 0.0, ""to"": 26.0}, {""feature"": ""repeatactivity_click"", ""from"": 0.0, ""to"": 4.0}, {""feature"": ""htmlactivity_click"", ""from"": 0.0, ""to"": 33.0}, {""feature"": ""highest_education"", ""from"": ""Lower Than A Level"", ""to"": ""A Level or Equivalent""}]","{""num_of_prev_attempts"": 1.0, ""weight"": 11.0, ""weighted_score"": 53.09090805053711, ""studied_credits"": 30.0, ""forumng_click"": 33.0, ""homepage_click"": 35.0, ""oucontent_click"": 0.0, ""resource_click"": 18.0, ""subpage_click"": 10.0, ""url_click"": 2.0, ""dataplus_click"": 0.0, ""glossary_click"": 0.0, ""oucollaborate_click"": 0.0, ""quiz_click"": 76.0, ""ouelluminate_click"": 0.0, ""sharedsubpage_click"": 0.0, ""questionnaire_click"": 0.0, ""page_click"": 0.0, ""externalquiz_click"": 0.0, ""ouwiki_click"": 0.0, ""dualpane_click"": 0.0, ""folder_click"": 0.0, ""repeatactivity_click"": 0.0, ""htmlactivity_click"": 0.0, ""code_module"": ""CCC"", ""gender"": ""M"", ""region"": ""Wales"", ""highest_education"": ""Lower Than A Level"", ""imd_band"": ""20-30%"", ""age_band"": ""0-35"", ""disability"": ""N""}","{""num_of_prev_attempts"": 1.0, ""weight"": 11.0, ""weighted_score"": 97.5, ""studied_credits"": 30.0, ""forumng_click"": 33.0, ""homepage_click"": 35.0, ""oucontent_click"": 0.0, ""resource_click"": 18.0, ""subpage_click"": 10.0, ""url_click"": 2.0, ""dataplus_click"": 0.0, ""glossary_click"": 591.0, ""oucollaborate_click"": 262.0, ""quiz_click"": 1080.0, ""ouelluminate_click"": 0.0, ""sharedsubpage_click"": 6.0, ""questionnaire_click"": 0.0, ""page_click"": 0.0, ""externalquiz_click"": 0.0, ""ouwiki_click"": 104.0, ""dualpane_click"": 26.0, ""folder_click"": 0.0, ""repeatactivity_click"": 4.0, ""htmlactivity_click"": 33.0, ""code_module"": ""CCC"", ""gender"": ""M"", ""region"": ""Wales"", ""highest_education"": ""A Level or Equivalent"", ""imd_band"": ""20-30%"", ""age_band"": ""0-35"", ""disability"": ""N""}"
counternet_projection,5301,0,1,"[{""feature"": ""weighted_score"", ""from"": 77.04762268066406, ""to"": 97.5}, {""feature"": ""glossary_click"", ""from"": 0.0, ""to"": 588.0}, {""feature"": ""oucollaborate_click"", ""from"": 0.0, ""to"": 255.0}, {""feature"": ""quiz_click"", ""from"": 60.0, ""to"": 1080.0}, {""feature"": ""sharedsubpage_click"", ""from"": 0.0, ""to"": 6.0}, {""feature"": ""ouwiki_click"", ""from"": 0.0, ""to"": 96.0}, {""feature"": ""dualpane_click"", ""from"": 0.0, ""to"": 26.0}, {""feature"": ""repeatactivity_click"", ""from"": 0.0, ""to"": 4.0}, {""feature"": ""htmlactivity_click"", ""from"": 0.0, ""to"": 33.0}]","{""num_of_prev_attempts"": 1.0, ""weight"": 63.0, ""weighted_score"": 77.04762268066406, ""studied_credits"": 60.0, ""forumng_click"": 8.0, ""homepage_click"": 45.0, ""oucontent_click"": 0.0, ""resource_click"": 1.0, ""subpage_click"": 5.0, ""url_click"": 0.0, ""dataplus_click"": 0.0, ""glossary_click"": 0.0, ""oucollaborate_click"": 0.0, ""quiz_click"": 60.0, ""ouelluminate_click"": 0.0, ""sharedsubpage_click"": 0.0, ""questionnaire_click"": 0.0, ""page_click"": 0.0, ""externalquiz_click"": 0.0, ""ouwiki_click"": 0.0, ""dualpane_click"": 0.0, ""folder_click"": 0.0, ""repeatactivity_click"": 0.0, ""htmlactivity_click"": 0.0, ""code_module"": ""BBB"", ""gender"": ""F"", ""region"": ""South East Region"", ""highest_education"": ""A Level or Equivalent"", ""imd_band"": ""80-90%"", ""age_band"": ""0-35"", ""disability"": ""N""}","{""num_of_prev_attempts"": 1.0, ""weight"": 63.0, ""weighted_score"": 97.5, ""studied_credits"": 60.0, ""forumng_click"": 8.0, ""homepage_click"": 45.0, ""oucontent_click"": 0.0, ""resource_click"": 1.0, ""subpage_click"": 5.0, ""url_click"": 0.0, ""dataplus_click"": 0.0, ""glossary_click"": 588.0, ""oucollaborate_click"": 255.0, ""quiz_click"": 1080.0, ""ouelluminate_click"": 0.0, ""sharedsubpage_click"": 6.0, ""questionnaire_click"": 0.0, ""page_click"": 0.0, ""externalquiz_click"": 0.0, ""ouwiki_click"": 96.0, ""dualpane_click"": 26.0, ""folder_click"": 0.0, ""repeatactivity_click"": 4.0, ""htmlactivity_click"": 33.0, ""code_module"": ""BBB"", ""gender"": ""F"", ""region"": ""South East Region"", ""highest_education"": ""A Level or Equivalent"", ""imd_band"": ""80-90%"", ""age_band"": ""0-35"", ""disability"": ""N""}"
counternet_projection,4147,1,1,"[{""feature"": ""weighted_score"", ""from"": 56.900001525878906, ""to"": 97.5}, {""feature"": ""glossary_click"", ""from"": 0.0, ""to"": 594.0}, {""feature"": ""oucollaborate_click"", ""from"": 0.0, ""to"": 252.99998474121094}, {""feature"": ""quiz_click"", ""from"": 10.0, ""to"": 1080.0}, {""feature"": ""sharedsubpage_click"", ""from"": 0.0, ""to"": 6.0}, {""feature"": ""ouwiki_click"", ""from"": 0.0, ""to"": 104.0}, {""feature"": ""dualpane_click"", ""from"": 0.0, ""to"": 28.000001907348633}, {""feature"": ""repeatactivity_click"", ""from"": 0.0, ""to"": 4.0}, {""feature"": ""htmlactivity_click"", ""from"": 0.0, ""to"": 33.0}, {""feature"": ""highest_education"", ""from"": ""Lower Than A Level"", ""to"": ""A Level or Equivalent""}]","{""num_of_prev_attempts"": 0.0, ""weight"": 100.0, ""weighted_score"": 56.900001525878906, ""studied_credits"": 60.0, ""forumng_click"": 0.0, ""homepage_click"": 12.0, ""oucontent_click"": 20.0, ""resource_click"": 10.0, ""subpage_click"": 12.0, ""url_click"": 0.0, ""dataplus_click"": 0.0, ""glossary_click"": 0.0, ""oucollaborate_click"": 0.0, ""quiz_click"": 10.0, ""ouelluminate_click"": 0.0, ""sharedsubpage_click"": 0.0, ""questionnaire_click"": 0.0, ""page_click"": 0.0, ""externalquiz_click"": 0.0, ""ouwiki_click"": 0.0, ""dualpane_click"": 0.0, ""folder_click"": 0.0, ""repeatactivity_click"": 0.0, ""htmlactivity_click"": 0.0, ""code_module"": ""BBB"", ""gender"": ""F"", ""region"": ""West Midlands Region"", ""highest_education"": ""Lower Than A Level"", ""imd_band"": ""10-20"", ""age_band"": ""0-35"", ""disability"": ""Y""}","{""num_of_prev_attempts"": 0.0, ""weight"": 100.0, ""weighted_score"": 97.5, ""studied_credits"": 60.0, ""forumng_click"": 0.0, ""homepage_click"": 12.0, ""oucontent_click"": 20.0, ""resource_click"": 10.0, ""subpage_click"": 12.0, ""url_click"": 0.0, ""dataplus_click"": 0.0, ""glossary_click"": 594.0, ""oucollaborate_click"": 252.99998474121094, ""quiz_click"": 1080.0, ""ouelluminate_click"": 0.0, ""sharedsubpage_click"": 6.0, ""questionnaire_click"": 0.0, ""page_click"": 0.0, ""externalquiz_click"": 0.0, ""ouwiki_click"": 104.0, ""dualpane_click"": 28.000001907348633, ""folder_click"": 0.0, ""repeatactivity_click"": 4.0, ""htmlactivity_click"": 33.0, ""code_module"": ""BBB"", ""gender"": ""F"", ""region"": ""West Midlands Region"", ""highest_education"": ""A Level or Equivalent"", ""imd_band"": ""10-20"", ""age_band"": ""0-35"", ""disability"": ""Y""}"
counternet_projection,3328,1,1,"[{""feature"": ""weighted_score"", ""from"": 91.0, ""to"": 97.5}, {""feature"": ""glossary_click"", ""from"": 0.0, ""to"": 609.0}, {""feature"": ""oucollaborate_click"", ""from"": 0.0, ""to"": 248.0}, {""feature"": ""quiz_click"", ""from"": 849.0, ""to"": 1125.0}, {""feature"": ""sharedsubpage_click"", ""from"": 0.0, ""to"": 6.0}, {""feature"": ""ouwiki_click"", ""from"": 34.0, ""to"": 112.00000762939453}, {""feature"": ""dualpane_click"", ""from"": 7.000000476837158, ""to"": 34.0}, {""feature"": ""repeatactivity_click"", ""from"": 0.0, ""to"": 4.0}, {""feature"": ""htmlactivity_click"", ""from"": 0.0, ""to"": 33.0}, {""feature"": ""highest_education"", ""from"": ""Lower Than A Level"", ""to"": ""A Level or Equivalent""}]","{""num_of_prev_attempts"": 0.0, ""weight"": 100.0, ""weighted_score"": 91.0, ""studied_credits"": 60.0, ""forumng_click"": 304.0, ""homepage_click"": 468.0, ""oucontent_click"": 1325.0, ""resource_click"": 33.0, ""subpage_click"": 278.0, ""url_click"": 52.0, ""dataplus_click"": 23.0, ""glossary_click"": 0.0, ""oucollaborate_click"": 0.0, ""quiz_click"": 849.0, ""ouelluminate_click"": 0.0, ""sharedsubpage_click"": 0.0, ""questionnaire_click"": 24.0, ""page_click"": 11.0, ""externalquiz_click"": 0.0, ""ouwiki_click"": 34.0, ""dualpane_click"": 7.000000476837158, ""folder_click"": 1.0, ""repeatactivity_click"": 0.0, ""htmlactivity_click"": 0.0, ""code_module"": ""FFF"", ""gender"": ""F"", ""region"": ""South West Region"", ""highest_education"": ""Lower Than A Level"", ""imd_band"": ""60-70%"", ""age_band"": ""0-35"", ""disability"": ""N""}","{""num_of_prev_attempts"": 0.0, ""weight"": 100.0, ""weighted_score"": 97.5, ""studied_credits"": 60.0, ""forumng_click"": 304.0, ""homepage_click"": 468.0, ""oucontent_click"": 1325.0, ""resource_click"": 33.0, ""subpage_click"": 278.0, ""url_click"": 52.0, ""dataplus_click"": 23.0, ""glossary_click"": 609.0, ""oucollaborate_click"": 248.0, ""quiz_click"": 1125.0, ""ouelluminate_click"": 0.0, ""sharedsubpage_click"": 6.0, ""questionnaire_click"": 24.0, ""page_click"": 11.0, ""externalquiz_click"": 0.0, ""ouwiki_click"": 112.00000762939453, ""dualpane_click"": 34.0, ""folder_click"": 1.0, ""repeatactivity_click"": 4.0, ""htmlactivity_click"": 33.0, ""code_module"": ""FFF"", ""gender"": ""F"", ""region"": ""South West Region"", ""highest_education"": ""A Level or Equivalent"", ""imd_band"": ""60-70%"", ""age_band"": ""0-35"", ""disability"": ""N""}"
counternet_projection,1757,0,1,"[{""feature"": ""weighted_score"", ""from"": 93.0, ""to"": 97.5}, {""feature"": ""glossary_click"", ""from"": 0.0, ""to"": 591.0}, {""feature"": ""oucollaborate_click"", ""from"": 1.0, ""to"": 263.0}, {""feature"": ""quiz_click"", ""from"": 84.0, ""to"": 1080.0}, {""feature"": ""sharedsubpage_click"", ""from"": 0.0, ""to"": 6.0}, {""feature"": ""ouwiki_click"", ""from"": 0.0, ""to"": 104.0}, {""feature"": ""dualpane_click"", ""from"": 0.0, ""to"": 25.0}, {""feature"": ""repeatactivity_click"", ""from"": 0.0, ""to"": 4.0}, {""feature"": ""htmlactivity_click"", ""from"": 0.0, ""to"": 33.0}]","{""num_of_prev_attempts"": 0.0, ""weight"": 16.0, ""weighted_score"": 93.0, ""studied_credits"": 60.0, ""forumng_click"": 26.999998092651367, ""homepage_click"": 67.0, ""oucontent_click"": 212.0, ""resource_click"": 3.0, ""subpage_click"": 7.000000476837158, ""url_click"": 12.0, ""dataplus_click"": 0.0, ""glossary_click"": 0.0, ""oucollaborate_click"": 1.0, ""quiz_click"": 84.0, ""ouelluminate_click"": 0.0, ""sharedsubpage_click"": 0.0, ""questionnaire_click"": 0.0, ""page_click"": 0.0, ""externalquiz_click"": 0.0, ""ouwiki_click"": 0.0, ""dualpane_click"": 0.0, ""folder_click"": 0.0, ""repeatactivity_click"": 0.0, ""htmlactivity_click"": 0.0, ""code_module"": ""EEE"", ""gender"": ""M"", ""region"": ""North Western Region"", ""highest_education"": ""HE Qualification"", ""imd_band"": ""0-10%"", ""age_band"": ""0-35"", ""disability"": ""N""}","{""num_of_prev_attempts"": 0.0, ""weight"": 16.0, ""weighted_score"": 97.5, ""studied_credits"": 60.0, ""forumng_click"": 26.999998092651367, ""homepage_click"": 67.0, ""oucontent_click"": 212.0, ""resource_click"": 3.0, ""subpage_click"": 7.000000476837158, ""url_click"": 12.0, ""dataplus_click"": 0.0, ""glossary_click"": 591.0, ""oucollaborate_click"": 263.0, ""quiz_click"": 1080.0, ""ouelluminate_click"": 0.0, ""sharedsubpage_click"": 6.0, ""questionnaire_click"": 0.0, ""page_click"": 0.0, ""externalquiz_click"": 0.0, ""ouwiki_click"": 104.0, ""dualpane_click"": 25.0, ""folder_click"": 0.0, ""repeatactivity_click"": 4.0, ""htmlactivity_click"": 33.0, ""code_module"": ""EEE"", ""gender"": ""M"", ""region"": ""North Western Region"", ""highest_education"": ""HE Qualification"", ""imd_band"": ""0-10%"", ""age_band"": ""0-35"", ""disability"": ""N""}"
counternet_projection,266,1,1,"[{""feature"": ""weighted_score"", ""from"": 80.19000244140625, ""to"": 97.5}, {""feature"": ""glossary_click"", ""from"": 0.0, ""to"": 603.0}, {""feature"": ""oucollaborate_click"", ""from"": 0.0, ""to"": 252.99998474121094}, {""feature"": ""quiz_click"", ""from"": 109.0, ""to"": 1125.0}, {""feature"": ""sharedsubpage_click"", ""from"": 0.0, ""to"": 6.0}, {""feature"": ""ouwiki_click"", ""from"": 0.0, ""to"": 104.0}, {""feature"": ""dualpane_click"", ""from"": 0.0, ""to"": 30.0}, {""feature"": ""repeatactivity_click"", ""from"": 0.0, ""to"": 4.0}, {""feature"": ""htmlactivity_click"", ""from"": 0.0, ""to"": 33.0}]","{""num_of_prev_attempts"": 0.0, ""weight"": 100.0, ""weighted_score"": 80.19000244140625, ""studied_credits"": 120.0, ""forumng_click"": 142.0, ""homepage_click"": 172.0, ""oucontent_click"": 13.0, ""resource_click"": 13.0, ""subpage_click"": 30.0, ""url_click"": 11.0, ""dataplus_click"": 0.0, ""glossary_click"": 0.0, ""oucollaborate_click"": 0.0, ""quiz_click"": 109.0, ""ouelluminate_click"": 0.0, ""sharedsubpage_click"": 0.0, ""questionnaire_click"": 0.0, ""page_click"": 0.0, ""externalquiz_click"": 0.0, ""ouwiki_click"": 0.0, ""dualpane_click"": 0.0, ""folder_click"": 0.0, ""repeatactivity_click"": 0.0, ""htmlactivity_click"": 0.0, ""code_module"": ""BBB"", ""gender"": ""F"", ""region"": ""West Midlands Region"", ""highest_education"": ""A Level or Equivalent"", ""imd_band"": ""0-10%"", ""age_band"": ""0-35"", ""disability"": ""N""}","{""num_of_prev_attempts"": 0.0, ""weight"": 100.0, ""weighted_score"": 97.5, ""studied_credits"": 120.0, ""forumng_click"": 142.0, ""homepage_click"": 172.0, ""oucontent_click"": 13.0, ""resource_click"": 13.0, ""subpage_click"": 30.0, ""url_click"": 11.0, ""dataplus_click"": 0.0, ""glossary_click"": 603.0, ""oucollaborate_click"": 252.99998474121094, ""quiz_click"": 1125.0, ""ouelluminate_click"": 0.0, ""sharedsubpage_click"": 6.0, ""questionnaire_click"": 0.0, ""page_click"": 0.0, ""externalquiz_click"": 0.0, ""ouwiki_click"": 104.0, ""dualpane_click"": 30.0, ""folder_click"": 0.0, ""repeatactivity_click"": 4.0, ""htmlactivity_click"": 33.0, ""code_module"": ""BBB"", ""gender"": ""F"", ""region"": ""West Midlands Region"", ""highest_education"": ""A Level or Equivalent"", ""imd_band"": ""0-10%"", ""age_band"": ""0-35"", ""disability"": ""N""}"
counternet_projection,107,1,1,"[{""feature"": ""weighted_score"", ""from"": 81.5, ""to"": 97.5}, {""feature"": ""glossary_click"", ""from"": 0.0, ""to"": 612.0}, {""feature"": ""oucollaborate_click"", ""from"": 0.0, ""to"": 247.0}, {""feature"": ""quiz_click"", ""from"": 984.0000610351562, ""to"": 1125.0}, {""feature"": ""sharedsubpage_click"", ""from"": 0.0, ""to"": 6.0}, {""feature"": ""ouwiki_click"", ""from"": 64.0, ""to"": 112.00000762939453}, {""feature"": ""dualpane_click"", ""from"": 6.0, ""to"": 36.0}, {""feature"": ""repeatactivity_click"", ""from"": 0.0, ""to"": 4.0}, {""feature"": ""htmlactivity_click"", ""from"": 0.0, ""to"": 33.0}, {""feature"": ""highest_education"", ""from"": ""Lower Than A Level"", ""to"": ""A Level or Equivalent""}]","{""num_of_prev_attempts"": 0.0, ""weight"": 100.0, ""weighted_score"": 81.5, ""studied_credits"": 120.0, ""forumng_click"": 764.0, ""homepage_click"": 907.9999389648438, ""oucontent_click"": 2080.0, ""resource_click"": 33.0, ""subpage_click"": 514.0, ""url_click"": 105.0, ""dataplus_click"": 14.000000953674316, ""glossary_click"": 0.0, ""oucollaborate_click"": 0.0, ""quiz_click"": 984.0000610351562, ""ouelluminate_click"": 12.0, ""sharedsubpage_click"": 0.0, ""questionnaire_click"": 26.0, ""page_click"": 30.0, ""externalquiz_click"": 0.0, ""ouwiki_click"": 64.0, ""dualpane_click"": 6.0, ""folder_click"": 0.0, ""repeatactivity_click"": 0.0, ""htmlactivity_click"": 0.0, ""code_module"": ""FFF"", ""gender"": ""M"", ""region"": ""Scotland"", ""highest_education"": ""Lower Than A Level"", ""imd_band"": ""40-50%"", ""age_band"": ""0-35"", ""disability"": ""N""}","{""num_of_prev_attempts"": 0.0, ""weight"": 100.0, ""weighted_score"": 97.5, ""studied_credits"": 120.0, ""forumng_click"": 764.0, ""homepage_click"": 907.9999389648438, ""oucontent_click"": 2080.0, ""resource_click"": 33.0, ""subpage_click"": 514.0, ""url_click"": 105.0, ""dataplus_click"": 14.000000953674316, ""glossary_click"": 612.0, ""oucollaborate_click"": 247.0, ""quiz_click"": 1125.0, ""ouelluminate_click"": 12.0, ""sharedsubpage_click"": 6.0, ""questionnaire_click"": 26.0, ""page_click"": 30.0, ""externalquiz_click"": 0.0, ""ouwiki_click"": 112.00000762939453, ""dualpane_click"": 36.0, ""folder_click"": 0.0, ""repeatactivity_click"": 4.0, ""htmlactivity_click"": 33.0, ""code_module"": ""FFF"", ""gender"": ""M"", ""region"": ""Scotland"", ""highest_education"": ""A Level or Equivalent"", ""imd_band"": ""40-50%"", ""age_band"": ""0-35"", ""disability"": ""N""}"
counternet_projection,2005,0,1,"[{""feature"": ""weighted_score"", ""from"": 0.0, ""to"": 97.5}, {""feature"": ""glossary_click"", ""from"": 0.0, ""to"": 594.0}, {""feature"": ""oucollaborate_click"", ""from"": 0.0, ""to"": 263.0}, {""feature"": ""quiz_click"", ""from"": 1.0, ""to"": 1080.0}, {""feature"": ""sharedsubpage_click"", ""from"": 0.0, ""to"": 6.0}, {""feature"": ""ouwiki_click"", ""from"": 0.0, ""to"": 104.0}, {""feature"": ""dualpane_click"", ""from"": 0.0, ""to"": 26.999998092651367}, {""feature"": ""repeatactivity_click"", ""from"": 0.0, ""to"": 4.0}, {""feature"": ""htmlactivity_click"", ""from"": 0.0, ""to"": 33.0}]","{""num_of_prev_attempts"": 1.0, ""weight"": 0.0, ""weighted_score"": 0.0, ""studied_credits"": 60.0, ""forumng_click"": 2.0, ""homepage_click"": 28.000001907348633, ""oucontent_click"": 15.0, ""resource_click"": 5.0, ""subpage_click"": 21.0, ""url_click"": 4.0, ""dataplus_click"": 0.0, ""glossary_click"": 0.0, ""oucollaborate_click"": 0.0, ""quiz_click"": 1.0, ""ouelluminate_click"": 0.0, ""sharedsubpage_click"": 0.0, ""questionnaire_click"": 0.0, ""page_click"": 8.0, ""externalquiz_click"": 0.0, ""ouwiki_click"": 0.0, ""dualpane_click"": 0.0, ""folder_click"": 0.0, ""repeatactivity_click"": 0.0, ""htmlactivity_click"": 0.0, ""code_module"": ""FFF"", ""gender"": ""M"", ""region"": ""London Region"", ""highest_education"": ""A Level or Equivalent"", ""imd_band"": ""20-30%"", ""age_band"": ""0-35"", ""disability"": ""N""}","{""num_of_prev_attempts"": 1.0, ""weight"": 0.0, ""weighted_score"": 97.5, ""studied_credits"": 60.0, ""forumng_click"": 2.0, ""homepage_click"": 28.000001907348633, ""oucontent_click"": 15.0, ""resource_click"": 5.0, ""subpage_click"": 21.0, ""url_click"": 4.0, ""dataplus_click"": 0.0, ""glossary_click"": 594.0, ""oucollaborate_click"": 263.0, ""quiz_click"": 1080.0, ""ouelluminate_click"": 0.0, ""sharedsubpage_click"": 6.0, ""questionnaire_click"": 0.0, ""page_click"": 8.0, ""externalquiz_click"": 0.0, ""ouwiki_click"": 104.0, ""dualpane_click"": 26.999998092651367, ""folder_click"": 0.0, ""repeatactivity_click"": 4.0, ""htmlactivity_click"": 33.0, ""code_module"": ""FFF"", ""gender"": ""M"", ""region"": ""London Region"", ""highest_education"": ""A Level or Equivalent"", ""imd_band"": ""20-30%"", ""age_band"": ""0-35"", ""disability"": ""N""}"
counternet_projection,1142,1,1,"[{""feature"": ""weighted_score"", ""from"": 58.35533142089844, ""to"": 97.5}, {""feature"": ""glossary_click"", ""from"": 0.0, ""to"": 603.0}, {""feature"": ""oucollaborate_click"", ""from"": 0.0, ""to"": 252.0}, {""feature"": ""quiz_click"", ""from"": 0.0, ""to"": 1125.0}, {""feature"": ""sharedsubpage_click"", ""from"": 0.0, ""to"": 6.0}, {""feature"": ""ouwiki_click"", ""from"": 19.0, ""to"": 104.0}, {""feature"": ""dualpane_click"", ""from"": 0.0, ""to"": 30.0}, {""feature"": ""repeatactivity_click"", ""from"": 0.0, ""to"": 4.0}, {""feature"": ""htmlactivity_click"", ""from"": 0.0, ""to"": 33.0}]","{""num_of_prev_attempts"": 0.0, ""weight"": 197.0, ""weighted_score"": 58.35533142089844, ""studied_credits"": 90.0, ""forumng_click"": 197.0, ""homepage_click"": 284.0, ""oucontent_click"": 246.00001525878906, ""resource_click"": 77.0, ""subpage_click"": 102.0, ""url_click"": 8.0, ""dataplus_click"": 0.0, ""glossary_click"": 0.0, ""oucollaborate_click"": 0.0, ""quiz_click"": 0.0, ""ouelluminate_click"": 3.0, ""sharedsubpage_click"": 0.0, ""questionnaire_click"": 0.0, ""page_click"": 0.0, ""externalquiz_click"": 12.0, ""ouwiki_click"": 19.0, ""dualpane_click"": 0.0, ""folder_click"": 0.0, ""repeatactivity_click"": 0.0, ""htmlactivity_click"": 0.0, ""code_module"": ""DDD"", ""gender"": ""F"", ""region"": ""South Region"", ""highest_education"": ""A Level or Equivalent"", ""imd_band"": ""40-50%"", ""age_band"": ""0-35"", ""disability"": ""N""}","{""num_of_prev_attempts"": 0.0, ""weight"": 197.0, ""weighted_score"": 97.5, ""studied_credits"": 90.0, ""forumng_click"": 197.0, ""homepage_click"": 284.0, ""oucontent_click"": 246.00001525878906, ""resource_click"": 77.0, ""subpage_click"": 102.0, ""url_click"": 8.0, ""dataplus_click"": 0.0, ""glossary_click"": 603.0, ""oucollaborate_click"": 252.0, ""quiz_click"": 1125.0, ""ouelluminate_click"": 3.0, ""sharedsubpage_click"": 6.0, ""questionnaire_click"": 0.0, ""page_click"": 0.0, ""externalquiz_click"": 12.0, ""ouwiki_click"": 104.0, ""dualpane_click"": 30.0, ""folder_click"": 0.0, ""repeatactivity_click"": 4.0, ""htmlactivity_click"": 33.0, ""code_module"": ""DDD"", ""gender"": ""F"", ""region"": ""South Region"", ""highest_education"": ""A Level or Equivalent"", ""imd_band"": ""40-50%"", ""age_band"": ""0-35"", ""disability"": ""N""}"
counternet_projection,490,0,1,"[{""feature"": ""weighted_score"", ""from"": 78.0, ""to"": 97.5}, {""feature"": ""glossary_click"", ""from"": 0.0, ""to"": 591.0}, {""feature"": ""oucollaborate_click"", ""from"": 1.0, ""to"": 263.0}, {""feature"": ""quiz_click"", ""from"": 40.0, ""to"": 1080.0}, {""feature"": ""sharedsubpage_click"", ""from"": 0.0, ""to"": 6.0}, {""feature"": ""ouwiki_click"", ""from"": 0.0, ""to"": 104.0}, {""feature"": ""dualpane_click"", ""from"": 0.0, ""to"": 26.0}, {""feature"": ""repeatactivity_click"", ""from"": 0.0, ""to"": 4.0}, {""feature"": ""htmlactivity_click"", ""from"": 4.0, ""to"": 33.0}, {""feature"": ""highest_education"", ""from"": ""Lower Than A Level"", ""to"": ""A Level or Equivalent""}]","{""num_of_prev_attempts"": 0.0, ""weight"": 12.5, ""weighted_score"": 78.0, ""studied_credits"": 120.0, ""forumng_click"": 41.0, ""homepage_click"": 41.0, ""oucontent_click"": 62.0, ""resource_click"": 8.0, ""subpage_click"": 24.0, ""url_click"": 1.0, ""dataplus_click"": 0.0, ""glossary_click"": 0.0, ""oucollaborate_click"": 1.0, ""quiz_click"": 40.0, ""ouelluminate_click"": 0.0, ""sharedsubpage_click"": 0.0, ""questionnaire_click"": 0.0, ""page_click"": 0.0, ""externalquiz_click"": 0.0, ""ouwiki_click"": 0.0, ""dualpane_click"": 0.0, ""folder_click"": 0.0, ""repeatactivity_click"": 0.0, ""htmlactivity_click"": 4.0, ""code_module"": ""FFF"", ""gender"": ""M"", ""region"": ""East Midlands Region"", ""highest_education"": ""Lower Than A Level"", ""imd_band"": ""90-100%"", ""age_band"": ""0-35"", ""disability"": ""N""}","{""num_of_prev_attempts"": 0.0, ""weight"": 12.5, ""weighted_score"": 97.5, ""studied_credits"": 120.0, ""forumng_click"": 41.0, ""homepage_click"": 41.0, ""oucontent_click"": 62.0, ""resource_click"": 8.0, ""subpage_click"": 24.0, ""url_click"": 1.0, ""dataplus_click"": 0.0, ""glossary_click"": 591.0, ""oucollaborate_click"": 263.0, ""quiz_click"": 1080.0, ""ouelluminate_click"": 0.0, ""sharedsubpage_click"": 6.0, ""questionnaire_click"": 0.0, ""page_click"": 0.0, ""externalquiz_click"": 0.0, ""ouwiki_click"": 104.0, ""dualpane_click"": 26.0, ""folder_click"": 0.0, ""repeatactivity_click"": 4.0, ""htmlactivity_click"": 33.0, ""code_module"": ""FFF"", ""gender"": ""M"", ""region"": ""East Midlands Region"", ""highest_education"": ""A Level or Equivalent"", ""imd_band"": ""90-100%"", ""age_band"": ""0-35"", ""disability"": ""N""}"
counternet,5537,0,1,"[{""feature"": ""num_of_prev_attempts"", ""from"": 1.0, ""to"": 505.3676452636719}, {""feature"": ""weight"", ""from"": 11.0, ""to"": 148.28982543945312}, {""feature"": ""weighted_score"", ""from"": 53.09090805053711, ""to"": 123.41595458984375}, {""feature"": ""studied_credits"", ""from"": 30.0, ""to"": 200.75473022460938}, {""feature"": ""forumng_click"", ""from"": 33.0, ""to"": -290.1556091308594}, {""feature"": ""homepage_click"", ""from"": 35.0, ""to"": 390.130126953125}, {""feature"": ""oucontent_click"", ""from"": 0.0, ""to"": 519.71142578125}, {""feature"": ""resource_click"", ""from"": 18.0, ""to"": 443.8328552246094}, {""feature"": ""subpage_click"", ""from"": 10.0, ""to"": 701.4750366210938}, {""feature"": ""url_click"", ""from"": 2.0, ""to"": 463.7836608886719}, {""feature"": ""dataplus_click"", ""from"": 0.0, ""to"": 82.56098175048828}, {""feature"": ""glossary_click"", ""from"": 0.0, ""to"": -498.95037841796875}, {""feature"": ""oucollaborate_click"", ""from"": 0.0, ""to"": -376.6126403808594}, {""feature"": ""quiz_click"", ""from"": 76.0, ""to"": 1903.129638671875}, {""feature"": ""ouelluminate_click"", ""from"": 0.0, ""to"": 10.430475234985352}, {""feature"": ""sharedsubpage_click"", ""from"": 0.0, ""to"": 400.51507568359375}, {""feature"": ""questionnaire_click"", ""from"": 0.0, ""to"": -1175.2589111328125}, {""feature"": ""page_click"", ""from"": 0.0, ""to"": -194.63401794433594}, {""feature"": ""externalquiz_click"", ""from"": 0.0, ""to"": -2.2679290771484375}, {""feature"": ""ouwiki_click"", ""from"": 0.0, ""to"": 95.87701416015625}, {""feature"": ""dualpane_click"", ""from"": 0.0, ""to"": -738.2251586914062}, {""feature"": ""folder_click"", ""from"": 0.0, ""to"": 830.2933959960938}, {""feature"": ""repeatactivity_click"", ""from"": 0.0, ""to"": 84.14827728271484}, {""feature"": ""htmlactivity_click"", ""from"": 0.0, ""to"": -101.7481689453125}, {""feature"": ""code_module"", ""from"": ""CCC"", ""to"": ""BBB""}, {""feature"": ""region"", ""from"": ""Wales"", ""to"": ""Scotland""}, {""feature"": ""highest_education"", ""from"": ""Lower Than A Level"", ""to"": ""A Level or Equivalent""}]","{""num_of_prev_attempts"": 1.0, ""weight"": 11.0, ""weighted_score"": 53.09090805053711, ""studied_credits"": 30.0, ""forumng_click"": 33.0, ""homepage_click"": 35.0, ""oucontent_click"": 0.0, ""resource_click"": 18.0, ""subpage_click"": 10.0, ""url_click"": 2.0, ""dataplus_click"": 0.0, ""glossary_click"": 0.0, ""oucollaborate_click"": 0.0, ""quiz_click"": 76.0, ""ouelluminate_click"": 0.0, ""sharedsubpage_click"": 0.0, ""questionnaire_click"": 0.0, ""page_click"": 0.0, ""externalquiz_click"": 0.0, ""ouwiki_click"": 0.0, ""dualpane_click"": 0.0, ""folder_click"": 0.0, ""repeatactivity_click"": 0.0, ""htmlactivity_click"": 0.0, ""code_module"": ""CCC"", ""gender"": ""M"", ""region"": ""Wales"", ""highest_education"": ""Lower Than A Level"", ""imd_band"": ""20-30%"", ""age_band"": ""0-35"", ""disability"": ""N""}","{""num_of_prev_attempts"": 505.3676452636719, ""weight"": 148.28982543945312, ""weighted_score"": 123.41595458984375, ""studied_credits"": 200.75473022460938, ""forumng_click"": -290.1556091308594, ""homepage_click"": 390.130126953125, ""oucontent_click"": 519.71142578125, ""resource_click"": 443.8328552246094, ""subpage_click"": 701.4750366210938, ""url_click"": 463.7836608886719, ""dataplus_click"": 82.56098175048828, ""glossary_click"": -498.95037841796875, ""oucollaborate_click"": -376.6126403808594, ""quiz_click"": 1903.129638671875, ""ouelluminate_click"": 10.430475234985352, ""sharedsubpage_click"": 400.51507568359375, ""questionnaire_click"": -1175.2589111328125, ""page_click"": -194.63401794433594, ""externalquiz_click"": -2.2679290771484375, ""ouwiki_click"": 95.87701416015625, ""dualpane_click"": -738.2251586914062, ""folder_click"": 830.2933959960938, ""repeatactivity_click"": 84.14827728271484, ""htmlactivity_click"": -101.7481689453125, ""code_module"": ""BBB"", ""gender"": ""M"", ""region"": ""Scotland"", ""highest_education"": ""A Level or Equivalent"", ""imd_band"": ""20-30%"", ""age_band"": ""0-35"", ""disability"": ""N""}"
counternet,5301,1,1,"[{""feature"": ""num_of_prev_attempts"", ""from"": 1.0, ""to"": 481.5298767089844}, {""feature"": ""weight"", ""from"": 63.0, ""to"": 140.32574462890625}, {""feature"": ""weighted_score"", ""from"": 77.04762268066406, ""to"": 128.60887145996094}, {""feature"": ""studied_credits"", ""from"": 60.0, ""to"": 213.28652954101562}, {""feature"": ""forumng_click"", ""from"": 8.0, ""to"": -279.51483154296875}, {""feature"": ""homepage_click"", ""from"": 45.0, ""to"": 418.19952392578125}, {""feature"": ""oucontent_click"", ""from"": 0.0, ""to"": 523.1102905273438}, {""feature"": ""resource_click"", ""from"": 1.0, ""to"": 457.8744201660156}, {""feature"": ""subpage_click"", ""from"": 5.0, ""to"": 717.2572631835938}, {""feature"": ""url_click"", ""from"": 0.0, ""to"": 465.96844482421875}, {""feature"": ""dataplus_click"", ""from"": 0.0, ""to"": 105.19438171386719}, {""feature"": ""glossary_click"", ""from"": 0.0, ""to"": -505.9849853515625}, {""feature"": ""oucollaborate_click"", ""from"": 0.0, ""to"": -354.86279296875}, {""feature"": ""quiz_click"", ""from"": 60.0, ""to"": 1873.63525390625}, {""feature"": ""ouelluminate_click"", ""from"": 0.0, ""to"": -4.462847709655762}, {""feature"": ""sharedsubpage_click"", ""from"": 0.0, ""to"": 391.6678161621094}, {""feature"": ""questionnaire_click"", ""from"": 0.0, ""to"": -1160.853515625}, {""feature"": ""page_click"", ""from"": 0.0, ""to"": -185.84153747558594}, {""feature"": ""externalquiz_click"", ""from"": 0.0, ""to"": -4.411220550537109}, {""feature"": ""ouwiki_click"", ""from"": 0.0, ""to"": 112.81148529052734}, {""feature"": ""dualpane_click"", ""from"": 0.0, ""to"": -726.0707397460938}, {""feature"": ""folder_click"", ""from"": 0.0, ""to"": 795.0623779296875}, {""feature"": ""repeatactivity_click"", ""from"": 0.0, ""to"": 69.12000274658203}, {""feature"": ""htmlactivity_click"", ""from"": 0.0, ""to"": -111.00895690917969}, {""feature"": ""gender"", ""from"": ""F"", ""to"": ""M""}, {""feature"": ""region"", ""from"": ""South East Region"", ""to"": ""East Anglian Region""}, {""feature"": ""imd_band"", ""from"": ""80-90%"", ""to"": ""20-30%""}]","{""num_of_prev_attempts"": 1.0, ""weight"": 63.0, ""weighted_score"": 77.04762268066406, ""studied_credits"": 60.0, ""forumng_click"": 8.0, ""homepage_click"": 45.0, ""oucontent_click"": 0.0, ""resource_click"": 1.0, ""subpage_click"": 5.0, ""url_click"": 0.0, ""dataplus_click"": 0.0, ""glossary_click"": 0.0, ""oucollaborate_click"": 0.0, ""quiz_click"": 60.0, ""ouelluminate_click"": 0.0, ""sharedsubpage_click"": 0.0, ""questionnaire_click"": 0.0, ""page_click"": 0.0, ""externalquiz_click"": 0.0, ""ouwiki_click"": 0.0, ""dualpane_click"": 0.0, ""folder_click"": 0.0, ""repeatactivity_click"": 0.0, ""htmlactivity_click"": 0.0, ""code_module"": ""BBB"", ""gender"": ""F"", ""region"": ""South East Region"", ""highest_education"": ""A Level or Equivalent"", ""imd_band"": ""80-90%"", ""age_band"": ""0-35"", ""disability"": ""N""}","{""num_of_prev_attempts"": 481.5298767089844, ""weight"": 140.32574462890625, ""weighted_score"": 128.60887145996094, ""studied_credits"": 213.28652954101562, ""forumng_click"": -279.51483154296875, ""homepage_click"": 418.19952392578125, ""oucontent_click"": 523.1102905273438, ""resource_click"": 457.8744201660156, ""subpage_click"": 717.2572631835938, ""url_click"": 465.96844482421875, ""dataplus_click"": 105.19438171386719, ""glossary_click"": -505.9849853515625, ""oucollaborate_click"": -354.86279296875, ""quiz_click"": 1873.63525390625, ""ouelluminate_click"": -4.462847709655762, ""sharedsubpage_click"": 391.6678161621094, ""questionnaire_click"": -1160.853515625, ""page_click"": -185.84153747558594, ""externalquiz_click"": -4.411220550537109, ""ouwiki_click"": 112.81148529052734, ""dualpane_click"": -726.0707397460938, ""folder_click"": 795.0623779296875, ""repeatactivity_click"": 69.12000274658203, ""htmlactivity_click"": -111.00895690917969, ""code_module"": ""BBB"", ""gender"": ""M"", ""region"": ""East Anglian Region"", ""highest_education"": ""A Level or Equivalent"", ""imd_band"": ""20-30%"", ""age_band"": ""0-35"", ""disability"": ""N""}"
counternet,4147,1,1,"[{""feature"": ""num_of_prev_attempts"", ""from"": 0.0, ""to"": 481.0082702636719}, {""feature"": ""weight"", ""from"": 100.0, ""to"": 142.9684295654297}, {""feature"": ""weighted_score"", ""from"": 56.900001525878906, ""to"": 125.80709075927734}, {""feature"": ""studied_credits"", ""from"": 60.0, ""to"": 213.13824462890625}, {""feature"": ""forumng_click"", ""from"": 0.0, ""to"": -277.7063903808594}, {""feature"": ""homepage_click"", ""from"": 12.0, ""to"": 416.3807373046875}, {""feature"": ""oucontent_click"", ""from"": 20.0, ""to"": 525.0065307617188}, {""feature"": ""resource_click"", ""from"": 10.0, ""to"": 459.17071533203125}, {""feature"": ""subpage_click"", ""from"": 12.0, ""to"": 717.4769897460938}, {""feature"": ""url_click"", ""from"": 0.0, ""to"": 467.2467346191406}, {""feature"": ""dataplus_click"", ""from"": 0.0, ""to"": 102.68299102783203}, {""feature"": ""glossary_click"", ""from"": 0.0, ""to"": -505.6472473144531}, {""feature"": ""oucollaborate_click"", ""from"": 0.0, ""to"": -355.5177917480469}, {""feature"": ""quiz_click"", ""from"": 10.0, ""to"": 1877.6099853515625}, {""feature"": ""ouelluminate_click"", ""from"": 0.0, ""to"": -3.599755048751831}, {""feature"": ""sharedsubpage_click"", ""from"": 0.0, ""to"": 393.1019592285156}, {""feature"": ""questionnaire_click"", ""from"": 0.0, ""to"": -1163.5968017578125}, {""feature"": ""page_click"", ""from"": 0.0, ""to"": -186.91580200195312}, {""feature"": ""externalquiz_click"", ""from"": 0.0, ""to"": -3.226529359817505}, {""feature"": ""ouwiki_click"", ""from"": 0.0, ""to"": 113.24885559082031}, {""feature"": ""dualpane_click"", ""from"": 0.0, ""to"": -728.6321411132812}, {""feature"": ""folder_click"", ""from"": 0.0, ""to"": 797.35546875}, {""feature"": ""repeatactivity_click"", ""from"": 0.0, ""to"": 68.90386199951172}, {""feature"": ""htmlactivity_click"", ""from"": 0.0, ""to"": -111.05426788330078}, {""feature"": ""gender"", ""from"": ""F"", ""to"": ""M""}, {""feature"": ""region"", ""from"": ""West Midlands Region"", ""to"": ""East Anglian Region""}, {""feature"": ""highest_education"", ""from"": ""Lower Than A Level"", ""to"": ""A Level or Equivalent""}, {""feature"": ""imd_band"", ""from"": ""10-20"", ""to"": ""20-30%""}, {""feature"": ""disability"", ""from"": ""Y"", ""to"": ""N""}]","{""num_of_prev_attempts"": 0.0, ""weight"": 100.0, ""weighted_score"": 56.900001525878906, ""studied_credits"": 60.0, ""forumng_click"": 0.0, ""homepage_click"": 12.0, ""oucontent_click"": 20.0, ""resource_click"": 10.0, ""subpage_click"": 12.0, ""url_click"": 0.0, ""dataplus_click"": 0.0, ""glossary_click"": 0.0, ""oucollaborate_click"": 0.0, ""quiz_click"": 10.0, ""ouelluminate_click"": 0.0, ""sharedsubpage_click"": 0.0, ""questionnaire_click"": 0.0, ""page_click"": 0.0, ""externalquiz_click"": 0.0, ""ouwiki_click"": 0.0, ""dualpane_click"": 0.0, ""folder_click"": 0.0, ""repeatactivity_click"": 0.0, ""htmlactivity_click"": 0.0, ""code_module"": ""BBB"", ""gender"": ""F"", ""region"": ""West Midlands Region"", ""highest_education"": ""Lower Than A Level"", ""imd_band"": ""10-20"", ""age_band"": ""0-35"", ""disability"": ""Y""}","{""num_of_prev_attempts"": 481.0082702636719, ""weight"": 142.9684295654297, ""weighted_score"": 125.80709075927734, ""studied_credits"": 213.13824462890625, ""forumng_click"": -277.7063903808594, ""homepage_click"": 416.3807373046875, ""oucontent_click"": 525.0065307617188, ""resource_click"": 459.17071533203125, ""subpage_click"": 717.4769897460938, ""url_click"": 467.2467346191406, ""dataplus_click"": 102.68299102783203, ""glossary_click"": -505.6472473144531, ""oucollaborate_click"": -355.5177917480469, ""quiz_click"": 1877.6099853515625, ""ouelluminate_click"": -3.599755048751831, ""sharedsubpage_click"": 393.1019592285156, ""questionnaire_click"": -1163.5968017578125, ""page_click"": -186.91580200195312, ""externalquiz_click"": -3.226529359817505, ""ouwiki_click"": 113.24885559082031, ""dualpane_click"": -728.6321411132812, ""folder_click"": 797.35546875, ""repeatactivity_click"": 68.90386199951172, ""htmlactivity_click"": -111.05426788330078, ""code_module"": ""BBB"", ""gender"": ""M"", ""region"": ""East Anglian Region"", ""highest_education"": ""A Level or Equivalent"", ""imd_band"": ""20-30%"", ""age_band"": ""0-35"", ""disability"": ""N""}"
counternet,3328,1,1,"[{""feature"": ""num_of_prev_attempts"", ""from"": 0.0, ""to"": 479.4090270996094}, {""feature"": ""weight"", ""from"": 100.0, ""to"": 170.50221252441406}, {""feature"": ""weighted_score"", ""from"": 91.0, ""to"": 104.06774139404297}, {""feature"": ""studied_credits"", ""from"": 60.0, ""to"": 212.57667541503906}, {""feature"": ""forumng_click"", ""from"": 304.0, ""to"": -263.8699035644531}, {""feature"": ""homepage_click"", ""from"": 468.0, ""to"": 401.6041564941406}, {""feature"": ""oucontent_click"", ""from"": 1325.0, ""to"": 544.6266479492188}, {""feature"": ""resource_click"", ""from"": 33.0, ""to"": 468.0401611328125}, {""feature"": ""subpage_click"", ""from"": 278.0, ""to"": 717.5516967773438}, {""feature"": ""url_click"", ""from"": 52.0, ""to"": 480.5069274902344}, {""feature"": ""dataplus_click"", ""from"": 23.0, ""to"": 76.14923095703125}, {""feature"": ""glossary_click"", ""from"": 0.0, ""to"": -505.5873718261719}, {""feature"": ""oucollaborate_click"", ""from"": 0.0, ""to"": -360.4502258300781}, {""feature"": ""quiz_click"", ""from"": 849.0, ""to"": 1919.2510986328125}, {""feature"": ""ouelluminate_click"", ""from"": 0.0, ""to"": 6.2760186195373535}, {""feature"": ""sharedsubpage_click"", ""from"": 0.0, ""to"": 407.09014892578125}, {""feature"": ""questionnaire_click"", ""from"": 24.0, ""to"": -1191.5595703125}, {""feature"": ""page_click"", ""from"": 11.0, ""to"": -199.4418182373047}, {""feature"": ""externalquiz_click"", ""from"": 0.0, ""to"": 2.796449899673462}, {""feature"": ""ouwiki_click"", ""from"": 34.0, ""to"": 118.75010681152344}, {""feature"": ""dualpane_click"", ""from"": 7.000000476837158, ""to"": -753.4922485351562}, {""feature"": ""folder_click"", ""from"": 1.0, ""to"": 817.30126953125}, {""feature"": ""repeatactivity_click"", ""from"": 0.0, ""to"": 70.11983489990234}, {""feature"": ""htmlactivity_click"", ""from"": 0.0, ""to"": -113.7477798461914}, {""feature"": ""code_module"", ""from"": ""FFF"", ""to"": ""BBB""}, {""feature"": ""gender"", ""from"": ""F"", ""to"": ""M""}, {""feature"": ""region"", ""from"": ""South West Region"", ""to"": ""Scotland""}, {""feature"": ""highest_education"", ""from"": ""Lower Than A Level"", ""to"": ""A Level or Equivalent""}, {""feature"": ""imd_band"", ""from"": ""60-70%"", ""to"": ""20-30%""}]","{""num_of_prev_attempts"": 0.0, ""weight"": 100.0, ""weighted_score"": 91.0, ""studied_credits"": 60.0, ""forumng_click"": 304.0, ""homepage_click"": 468.0, ""oucontent_click"": 1325.0, ""resource_click"": 33.0, ""subpage_click"": 278.0, ""url_click"": 52.0, ""dataplus_click"": 23.0, ""glossary_click"": 0.0, ""oucollaborate_click"": 0.0, ""quiz_click"": 849.0, ""ouelluminate_click"": 0.0, ""sharedsubpage_click"": 0.0, ""questionnaire_click"": 24.0, ""page_click"": 11.0, ""externalquiz_click"": 0.0, ""ouwiki_click"": 34.0, ""dualpane_click"": 7.000000476837158, ""folder_click"": 1.0, ""repeatactivity_click"": 0.0, ""htmlactivity_click"": 0.0, ""code_module"": ""FFF"", ""gender"": ""F"", ""region"": ""South West Region"", ""highest_education"": ""Lower Than A Level"", ""imd_band"": ""60-70%"", ""age_band"": ""0-35"", ""disability"": ""N""}","{""num_of_prev_attempts"": 479.4090270996094, ""weight"": 170.50221252441406, ""weighted_score"": 104.06774139404297, ""studied_credits"": 212.57667541503906, ""forumng_click"": -263.8699035644531, ""homepage_click"": 401.6041564941406, ""oucontent_click"": 544.6266479492188, ""resource_click"": 468.0401611328125, ""subpage_click"": 717.5516967773438, ""url_click"": 480.5069274902344, ""dataplus_click"": 76.14923095703125, ""glossary_click"": -505.5873718261719, ""oucollaborate_click"": -360.4502258300781, ""quiz_click"": 1919.2510986328125, ""ouelluminate_click"": 6.2760186195373535, ""sharedsubpage_click"": 407.09014892578125, ""questionnaire_click"": -1191.5595703125, ""page_click"": -199.4418182373047, ""externalquiz_click"": 2.796449899673462, ""ouwiki_click"": 118.75010681152344, ""dualpane_click"": -753.4922485351562, ""folder_click"": 817.30126953125, ""repeatactivity_click"": 70.11983489990234, ""htmlactivity_click"": -113.7477798461914, ""code_module"": ""BBB"", ""gender"": ""M"", ""region"": ""Scotland"", ""highest_education"": ""A Level or Equivalent"", ""imd_band"": ""20-30%"", ""age_band"": ""0-35"", ""disability"": ""N""}"
counternet,1757,0,1,"[{""feature"": ""num_of_prev_attempts"", ""from"": 0.0, ""to"": 488.1560363769531}, {""feature"": ""weight"", ""from"": 16.0, ""to"": 132.75369262695312}, {""feature"": ""weighted_score"", ""from"": 93.0, ""to"": 134.9697723388672}, {""feature"": ""studied_credits"", ""from"": 60.0, ""to"": 209.71328735351562}, {""feature"": ""forumng_click"", ""from"": 26.999998092651367, ""to"": -290.7049255371094}, {""feature"": ""homepage_click"", ""from"": 67.0, ""to"": 408.34698486328125}, {""feature"": ""oucontent_click"", ""from"": 212.0, ""to"": 512.1132202148438}, {""feature"": ""resource_click"", ""from"": 3.0, ""to"": 450.4999694824219}, {""feature"": ""subpage_click"", ""from"": 7.000000476837158, ""to"": 712.4143676757812}, {""feature"": ""url_click"", ""from"": 12.0, ""to"": 460.9637145996094}, {""feature"": ""dataplus_click"", ""from"": 0.0, ""to"": 106.19673919677734}, {""feature"": ""glossary_click"", ""from"": 0.0, ""to"": -506.4490051269531}, {""feature"": ""oucollaborate_click"", ""from"": 1.0, ""to"": -362.2803649902344}, {""feature"": ""quiz_click"", ""from"": 84.0, ""to"": 1869.676025390625}, {""feature"": ""ouelluminate_click"", ""from"": 0.0, ""to"": -1.6035842895507812}, {""feature"": ""sharedsubpage_click"", ""from"": 0.0, ""to"": 390.0222473144531}, {""feature"": ""questionnaire_click"", ""from"": 0.0, ""to"": -1154.2197265625}, {""feature"": ""page_click"", ""from"": 0.0, ""to"": -183.95664978027344}, {""feature"": ""externalquiz_click"", ""from"": 0.0, ""to"": -7.756443023681641}, {""feature"": ""ouwiki_click"", ""from"": 0.0, ""to"": 105.73387908935547}, {""feature"": ""dualpane_click"", ""from"": 0.0, ""to"": -719.5877685546875}, {""feature"": ""folder_click"", ""from"": 0.0, ""to"": 803.7297973632812}, {""feature"": ""repeatactivity_click"", ""from"": 0.0, ""to"": 74.89824676513672}, {""feature"": ""htmlactivity_click"", ""from"": 0.0, ""to"": -105.47506713867188}, {""feature"": ""code_module"", ""from"": ""EEE"", ""to"": ""BBB""}, {""feature"": ""region"", ""from"": ""North Western Region"", ""to"": ""East Anglian Region""}, {""feature"": ""highest_education"", ""from"": ""HE Qualification"", ""to"": ""A Level or Equivalent""}, {""feature"": ""imd_band"", ""from"": ""0-10%"", ""to"": ""20-30%""}]","{""num_of_prev_attempts"": 0.0, ""weight"": 16.0, ""weighted_score"": 93.0, ""studied_credits"": 60.0, ""forumng_click"": 26.999998092651367, ""homepage_click"": 67.0, ""oucontent_click"": 212.0, ""resource_click"": 3.0, ""subpage_click"": 7.000000476837158, ""url_click"": 12.0, ""dataplus_click"": 0.0, ""glossary_click"": 0.0, ""oucollaborate_click"": 1.0, ""quiz_click"": 84.0, ""ouelluminate_click"": 0.0, ""sharedsubpage_click"": 0.0, ""questionnaire_click"": 0.0, ""page_click"": 0.0, ""externalquiz_click"": 0.0, ""ouwiki_click"": 0.0, ""dualpane_click"": 0.0, ""folder_click"": 0.0, ""repeatactivity_click"": 0.0, ""htmlactivity_click"": 0.0, ""code_module"": ""EEE"", ""gender"": ""M"", ""region"": ""North Western Region"", ""highest_education"": ""HE Qualification"", ""imd_band"": ""0-10%"", ""age_band"": ""0-35"", ""disability"": ""N""}","{""num_of_prev_attempts"": 488.1560363769531, ""weight"": 132.75369262695312, ""weighted_score"": 134.9697723388672, ""studied_credits"": 209.71328735351562, ""forumng_click"": -290.7049255371094, ""homepage_click"": 408.34698486328125, ""oucontent_click"": 512.1132202148438, ""resource_click"": 450.4999694824219, ""subpage_click"": 712.4143676757812, ""url_click"": 460.9637145996094, ""dataplus_click"": 106.19673919677734, ""glossary_click"": -506.4490051269531, ""oucollaborate_click"": -362.2803649902344, ""quiz_click"": 1869.676025390625, ""ouelluminate_click"": -1.6035842895507812, ""sharedsubpage_click"": 390.0222473144531, ""questionnaire_click"": -1154.2197265625, ""page_click"": -183.95664978027344, ""externalquiz_click"": -7.756443023681641, ""ouwiki_click"": 105.73387908935547, ""dualpane_click"": -719.5877685546875, ""folder_click"": 803.7297973632812, ""repeatactivity_click"": 74.89824676513672, ""htmlactivity_click"": -105.47506713867188, ""code_module"": ""BBB"", ""gender"": ""M"", ""region"": ""East Anglian Region"", ""highest_education"": ""A Level or Equivalent"", ""imd_band"": ""20-30%"", ""age_band"": ""0-35"", ""disability"": ""N""}"
counternet,266,1,1,"[{""feature"": ""num_of_prev_attempts"", ""from"": 0.0, ""to"": 478.2925109863281}, {""feature"": ""weight"", ""from"": 100.0, ""to"": 166.02073669433594}, {""feature"": ""weighted_score"", ""from"": 80.19000244140625, ""to"": 107.27892303466797}, {""feature"": ""studied_credits"", ""from"": 120.0, ""to"": 212.90908813476562}, {""feature"": ""forumng_click"", ""from"": 142.0, ""to"": -265.6584777832031}, {""feature"": ""homepage_click"", ""from"": 172.0, ""to"": 404.0888366699219}, {""feature"": ""oucontent_click"", ""from"": 13.0, ""to"": 541.91259765625}, {""feature"": ""resource_click"", ""from"": 13.0, ""to"": 466.92864990234375}, {""feature"": ""subpage_click"", ""from"": 30.0, ""to"": 718.0208129882812}, {""feature"": ""url_click"", ""from"": 11.0, ""to"": 478.6884460449219}, {""feature"": ""dataplus_click"", ""from"": 0.0, ""to"": 80.90203857421875}, {""feature"": ""glossary_click"", ""from"": 0.0, ""to"": -505.2779846191406}, {""feature"": ""oucollaborate_click"", ""from"": 0.0, ""to"": -360.76519775390625}, {""feature"": ""quiz_click"", ""from"": 109.0, ""to"": 1912.8590087890625}, {""feature"": ""ouelluminate_click"", ""from"": 0.0, ""to"": 5.3829240798950195}, {""feature"": ""sharedsubpage_click"", ""from"": 0.0, ""to"": 404.32330322265625}, {""feature"": ""questionnaire_click"", ""from"": 0.0, ""to"": -1186.0946044921875}, {""feature"": ""page_click"", ""from"": 0.0, ""to"": -197.60755920410156}, {""feature"": ""externalquiz_click"", ""from"": 0.0, ""to"": 1.7879760265350342}, {""feature"": ""ouwiki_click"", ""from"": 0.0, ""to"": 118.29299926757812}, {""feature"": ""dualpane_click"", ""from"": 0.0, ""to"": -749.4810180664062}, {""feature"": ""folder_click"", ""from"": 0.0, ""to"": 814.7050170898438}, {""feature"": ""repeatactivity_click"", ""from"": 0.0, ""to"": 69.18032836914062}, {""feature"": ""htmlactivity_click"", ""from"": 0.0, ""to"": -113.0901870727539}, {""feature"": ""gender"", ""from"": ""F"", ""to"": ""M""}, {""feature"": ""region"", ""from"": ""West Midlands Region"", ""to"": ""Scotland""}, {""feature"": ""imd_band"", ""from"": ""0-10%"", ""to"": ""20-30%""}]","{""num_of_prev_attempts"": 0.0, ""weight"": 100.0, ""weighted_score"": 80.19000244140625, ""studied_credits"": 120.0, ""forumng_click"": 142.0, ""homepage_click"": 172.0, ""oucontent_click"": 13.0, ""resource_click"": 13.0, ""subpage_click"": 30.0, ""url_click"": 11.0, ""dataplus_click"": 0.0, ""glossary_click"": 0.0, ""oucollaborate_click"": 0.0, ""quiz_click"": 109.0, ""ouelluminate_click"": 0.0, ""sharedsubpage_click"": 0.0, ""questionnaire_click"": 0.0, ""page_click"": 0.0, ""externalquiz_click"": 0.0, ""ouwiki_click"": 0.0, ""dualpane_click"": 0.0, ""folder_click"": 0.0, ""repeatactivity_click"": 0.0, ""htmlactivity_click"": 0.0, ""code_module"": ""BBB"", ""gender"": ""F"", ""region"": ""West Midlands Region"", ""highest_education"": ""A Level or Equivalent"", ""imd_band"": ""0-10%"", ""age_band"": ""0-35"", ""disability"": ""N""}","{""num_of_prev_attempts"": 478.2925109863281, ""weight"": 166.02073669433594, ""weighted_score"": 107.27892303466797, ""studied_credits"": 212.90908813476562, ""forumng_click"": -265.6584777832031, ""homepage_click"": 404.0888366699219, ""oucontent_click"": 541.91259765625, ""resource_click"": 466.92864990234375, ""subpage_click"": 718.0208129882812, ""url_click"": 478.6884460449219, ""dataplus_click"": 80.90203857421875, ""glossary_click"": -505.2779846191406, ""oucollaborate_click"": -360.76519775390625, ""quiz_click"": 1912.8590087890625, ""ouelluminate_click"": 5.3829240798950195, ""sharedsubpage_click"": 404.32330322265625, ""questionnaire_click"": -1186.0946044921875, ""page_click"": -197.60755920410156, ""externalquiz_click"": 1.7879760265350342, ""ouwiki_click"": 118.29299926757812, ""dualpane_click"": -749.4810180664062, ""folder_click"": 814.7050170898438, ""repeatactivity_click"": 69.18032836914062, ""htmlactivity_click"": -113.0901870727539, ""code_module"": ""BBB"", ""gender"": ""M"", ""region"": ""Scotland"", ""highest_education"": ""A Level or Equivalent"", ""imd_band"": ""20-30%"", ""age_band"": ""0-35"", ""disability"": ""N""}"
counternet,107,1,1,"[{""feature"": ""num_of_prev_attempts"", ""from"": 0.0, ""to"": 479.1915283203125}, {""feature"": ""weight"", ""from"": 100.0, ""to"": 171.08827209472656}, {""feature"": ""weighted_score"", ""from"": 81.5, ""to"": 103.90818786621094}, {""feature"": ""studied_credits"", ""from"": 120.0, ""to"": 212.68788146972656}, {""feature"": ""forumng_click"", ""from"": 764.0, ""to"": -263.9061279296875}, {""feature"": ""homepage_click"", ""from"": 907.9999389648438, ""to"": 401.57684326171875}, {""feature"": ""oucontent_click"", ""from"": 2080.0, ""to"": 545.1321411132812}, {""feature"": ""resource_click"", ""from"": 33.0, ""to"": 468.3112487792969}, {""feature"": ""subpage_click"", ""from"": 514.0, ""to"": 717.3216552734375}, {""feature"": ""url_click"", ""from"": 105.0, ""to"": 480.8752746582031}, {""feature"": ""dataplus_click"", ""from"": 14.000000953674316, ""to"": 75.6878662109375}, {""feature"": ""glossary_click"", ""from"": 0.0, ""to"": -505.5923156738281}, {""feature"": ""oucollaborate_click"", ""from"": 0.0, ""to"": -360.5363464355469}, {""feature"": ""quiz_click"", ""from"": 984.0000610351562, ""to"": 1920.2750244140625}, {""feature"": ""ouelluminate_click"", ""from"": 12.0, ""to"": 6.483672618865967}, {""feature"": ""sharedsubpage_click"", ""from"": 0.0, ""to"": 407.2966003417969}, {""feature"": ""questionnaire_click"", ""from"": 26.0, ""to"": -1191.9100341796875}, {""feature"": ""page_click"", ""from"": 30.0, ""to"": -199.9541473388672}, {""feature"": ""externalquiz_click"", ""from"": 0.0, ""to"": 2.422835111618042}, {""feature"": ""ouwiki_click"", ""from"": 64.0, ""to"": 119.3437271118164}, {""feature"": ""dualpane_click"", ""from"": 6.0, ""to"": -753.8287963867188}, {""feature"": ""folder_click"", ""from"": 0.0, ""to"": 817.7400512695312}, {""feature"": ""repeatactivity_click"", ""from"": 0.0, ""to"": 70.26514434814453}, {""feature"": ""htmlactivity_click"", ""from"": 0.0, ""to"": -113.7859878540039}, {""feature"": ""code_module"", ""from"": ""FFF"", ""to"": ""BBB""}, {""feature"": ""highest_education"", ""from"": ""Lower Than A Level"", ""to"": ""A Level or Equivalent""}, {""feature"": ""imd_band"", ""from"": ""40-50%"", ""to"": ""20-30%""}]","{""num_of_prev_attempts"": 0.0, ""weight"": 100.0, ""weighted_score"": 81.5, ""studied_credits"": 120.0, ""forumng_click"": 764.0, ""homepage_click"": 907.9999389648438, ""oucontent_click"": 2080.0, ""resource_click"": 33.0, ""subpage_click"": 514.0, ""url_click"": 105.0, ""dataplus_click"": 14.000000953674316, ""glossary_click"": 0.0, ""oucollaborate_click"": 0.0, ""quiz_click"": 984.0000610351562, ""ouelluminate_click"": 12.0, ""sharedsubpage_click"": 0.0, ""questionnaire_click"": 26.0, ""page_click"": 30.0, ""externalquiz_click"": 0.0, ""ouwiki_click"": 64.0, ""dualpane_click"": 6.0, ""folder_click"": 0.0, ""repeatactivity_click"": 0.0, ""htmlactivity_click"": 0.0, ""code_module"": ""FFF"", ""gender"": ""M"", ""region"": ""Scotland"", ""highest_education"": ""Lower Than A Level"", ""imd_band"": ""40-50%"", ""age_band"": ""0-35"", ""disability"": ""N""}","{""num_of_prev_attempts"": 479.1915283203125, ""weight"": 171.08827209472656, ""weighted_score"": 103.90818786621094, ""studied_credits"": 212.68788146972656, ""forumng_click"": -263.9061279296875, ""homepage_click"": 401.57684326171875, ""oucontent_click"": 545.1321411132812, ""resource_click"": 468.3112487792969, ""subpage_click"": 717.3216552734375, ""url_click"": 480.8752746582031, ""dataplus_click"": 75.6878662109375, ""glossary_click"": -505.5923156738281, ""oucollaborate_click"": -360.5363464355469, ""quiz_click"": 1920.2750244140625, ""ouelluminate_click"": 6.483672618865967, ""sharedsubpage_click"": 407.2966003417969, ""questionnaire_click"": -1191.9100341796875, ""page_click"": -199.9541473388672, ""externalquiz_click"": 2.422835111618042, ""ouwiki_click"": 119.3437271118164, ""dualpane_click"": -753.8287963867188, ""folder_click"": 817.7400512695312, ""repeatactivity_click"": 70.26514434814453, ""htmlactivity_click"": -113.7859878540039, ""code_module"": ""BBB"", ""gender"": ""M"", ""region"": ""Scotland"", ""highest_education"": ""A Level or Equivalent"", ""imd_band"": ""20-30%"", ""age_band"": ""0-35"", ""disability"": ""N""}"
counternet,2005,0,1,"[{""feature"": ""num_of_prev_attempts"", ""from"": 1.0, ""to"": 511.7586975097656}, {""feature"": ""weight"", ""from"": 0.0, ""to"": 153.594482421875}, {""feature"": ""weighted_score"", ""from"": 0.0, ""to"": 119.3200454711914}, {""feature"": ""studied_credits"", ""from"": 60.0, ""to"": 198.37388610839844}, {""feature"": ""forumng_click"", ""from"": 2.0, ""to"": -290.15478515625}, {""feature"": ""homepage_click"", ""from"": 28.000001907348633, ""to"": 384.4980773925781}, {""feature"": ""oucontent_click"", ""from"": 15.0, ""to"": 522.23193359375}, {""feature"": ""resource_click"", ""from"": 5.0, ""to"": 441.40972900390625}, {""feature"": ""subpage_click"", ""from"": 21.0, ""to"": 697.8353881835938}, {""feature"": ""url_click"", ""from"": 4.0, ""to"": 465.138671875}, {""feature"": ""dataplus_click"", ""from"": 0.0, ""to"": 74.8315200805664}, {""feature"": ""glossary_click"", ""from"": 0.0, ""to"": -496.5918884277344}, {""feature"": ""oucollaborate_click"", ""from"": 0.0, ""to"": -381.2490234375}, {""feature"": ""quiz_click"", ""from"": 1.0, ""to"": 1913.578369140625}, {""feature"": ""ouelluminate_click"", ""from"": 0.0, ""to"": 14.40002155303955}, {""feature"": ""sharedsubpage_click"", ""from"": 0.0, ""to"": 403.46820068359375}, {""feature"": ""questionnaire_click"", ""from"": 0.0, ""to"": -1182.6019287109375}, {""feature"": ""page_click"", ""from"": 8.0, ""to"": -197.5271453857422}, {""feature"": ""externalquiz_click"", ""from"": 0.0, ""to"": -0.33390283584594727}, {""feature"": ""ouwiki_click"", ""from"": 0.0, ""to"": 92.8624038696289}, {""feature"": ""dualpane_click"", ""from"": 0.0, ""to"": -743.6254272460938}, {""feature"": ""folder_click"", ""from"": 0.0, ""to"": 838.5382080078125}, {""feature"": ""repeatactivity_click"", ""from"": 0.0, ""to"": 87.21137237548828}, {""feature"": ""htmlactivity_click"", ""from"": 0.0, ""to"": -100.898681640625}, {""feature"": ""region"", ""from"": ""London Region"", ""to"": ""Scotland""}]","{""num_of_prev_attempts"": 1.0, ""weight"": 0.0, ""weighted_score"": 0.0, ""studied_credits"": 60.0, ""forumng_click"": 2.0, ""homepage_click"": 28.000001907348633, ""oucontent_click"": 15.0, ""resource_click"": 5.0, ""subpage_click"": 21.0, ""url_click"": 4.0, ""dataplus_click"": 0.0, ""glossary_click"": 0.0, ""oucollaborate_click"": 0.0, ""quiz_click"": 1.0, ""ouelluminate_click"": 0.0, ""sharedsubpage_click"": 0.0, ""questionnaire_click"": 0.0, ""page_click"": 8.0, ""externalquiz_click"": 0.0, ""ouwiki_click"": 0.0, ""dualpane_click"": 0.0, ""folder_click"": 0.0, ""repeatactivity_click"": 0.0, ""htmlactivity_click"": 0.0, ""code_module"": ""FFF"", ""gender"": ""M"", ""region"": ""London Region"", ""highest_education"": ""A Level or Equivalent"", ""imd_band"": ""20-30%"", ""age_band"": ""0-35"", ""disability"": ""N""}","{""num_of_prev_attempts"": 511.7586975097656, ""weight"": 153.594482421875, ""weighted_score"": 119.3200454711914, ""studied_credits"": 198.37388610839844, ""forumng_click"": -290.15478515625, ""homepage_click"": 384.4980773925781, ""oucontent_click"": 522.23193359375, ""resource_click"": 441.40972900390625, ""subpage_click"": 697.8353881835938, ""url_click"": 465.138671875, ""dataplus_click"": 74.8315200805664, ""glossary_click"": -496.5918884277344, ""oucollaborate_click"": -381.2490234375, ""quiz_click"": 1913.578369140625, ""ouelluminate_click"": 14.40002155303955, ""sharedsubpage_click"": 403.46820068359375, ""questionnaire_click"": -1182.6019287109375, ""page_click"": -197.5271453857422, ""externalquiz_click"": -0.33390283584594727, ""ouwiki_click"": 92.8624038696289, ""dualpane_click"": -743.6254272460938, ""folder_click"": 838.5382080078125, ""repeatactivity_click"": 87.21137237548828, ""htmlactivity_click"": -100.898681640625, ""code_module"": ""FFF"", ""gender"": ""M"", ""region"": ""Scotland"", ""highest_education"": ""A Level or Equivalent"", ""imd_band"": ""20-30%"", ""age_band"": ""0-35"", ""disability"": ""N""}"
counternet,1142,1,1,"[{""feature"": ""num_of_prev_attempts"", ""from"": 0.0, ""to"": 479.1471252441406}, {""feature"": ""weight"", ""from"": 197.0, ""to"": 168.63778686523438}, {""feature"": ""weighted_score"", ""from"": 58.35533142089844, ""to"": 105.35094451904297}, {""feature"": ""studied_credits"", ""from"": 90.0, ""to"": 212.72076416015625}, {""feature"": ""forumng_click"", ""from"": 197.0, ""to"": -264.41357421875}, {""feature"": ""homepage_click"", ""from"": 284.0, ""to"": 402.59722900390625}, {""feature"": ""oucontent_click"", ""from"": 246.00001525878906, ""to"": 543.5637817382812}, {""feature"": ""resource_click"", ""from"": 77.0, ""to"": 467.3643798828125}, {""feature"": ""subpage_click"", ""from"": 102.0, ""to"": 717.7124633789062}, {""feature"": ""url_click"", ""from"": 8.0, ""to"": 479.8033142089844}, {""feature"": ""dataplus_click"", ""from"": 0.0, ""to"": 78.0590591430664}, {""feature"": ""glossary_click"", ""from"": 0.0, ""to"": -505.4988708496094}, {""feature"": ""oucollaborate_click"", ""from"": 0.0, ""to"": -360.477294921875}, {""feature"": ""quiz_click"", ""from"": 0.0, ""to"": 1916.6358642578125}, {""feature"": ""ouelluminate_click"", ""from"": 3.0, ""to"": 5.934177398681641}, {""feature"": ""sharedsubpage_click"", ""from"": 0.0, ""to"": 405.9881286621094}, {""feature"": ""questionnaire_click"", ""from"": 0.0, ""to"": -1189.3060302734375}, {""feature"": ""page_click"", ""from"": 0.0, ""to"": -198.66981506347656}, {""feature"": ""externalquiz_click"", ""from"": 12.0, ""to"": 2.528597831726074}, {""feature"": ""ouwiki_click"", ""from"": 19.0, ""to"": 118.53279113769531}, {""feature"": ""dualpane_click"", ""from"": 0.0, ""to"": -752.0966796875}, {""feature"": ""folder_click"", ""from"": 0.0, ""to"": 816.2159423828125}, {""feature"": ""repeatactivity_click"", ""from"": 0.0, ""to"": 69.74713897705078}, {""feature"": ""htmlactivity_click"", ""from"": 0.0, ""to"": -113.60234069824219}, {""feature"": ""code_module"", ""from"": ""DDD"", ""to"": ""BBB""}, {""feature"": ""gender"", ""from"": ""F"", ""to"": ""M""}, {""feature"": ""region"", ""from"": ""South Region"", ""to"": ""Scotland""}, {""feature"": ""imd_band"", ""from"": ""40-50%"", ""to"": ""20-30%""}]","{""num_of_prev_attempts"": 0.0, ""weight"": 197.0, ""weighted_score"": 58.35533142089844, ""studied_credits"": 90.0, ""forumng_click"": 197.0, ""homepage_click"": 284.0, ""oucontent_click"": 246.00001525878906, ""resource_click"": 77.0, ""subpage_click"": 102.0, ""url_click"": 8.0, ""dataplus_click"": 0.0, ""glossary_click"": 0.0, ""oucollaborate_click"": 0.0, ""quiz_click"": 0.0, ""ouelluminate_click"": 3.0, ""sharedsubpage_click"": 0.0, ""questionnaire_click"": 0.0, ""page_click"": 0.0, ""externalquiz_click"": 12.0, ""ouwiki_click"": 19.0, ""dualpane_click"": 0.0, ""folder_click"": 0.0, ""repeatactivity_click"": 0.0, ""htmlactivity_click"": 0.0, ""code_module"": ""DDD"", ""gender"": ""F"", ""region"": ""South Region"", ""highest_education"": ""A Level or Equivalent"", ""imd_band"": ""40-50%"", ""age_band"": ""0-35"", ""disability"": ""N""}","{""num_of_prev_attempts"": 479.1471252441406, ""weight"": 168.63778686523438, ""weighted_score"": 105.35094451904297, ""studied_credits"": 212.72076416015625, ""forumng_click"": -264.41357421875, ""homepage_click"": 402.59722900390625, ""oucontent_click"": 543.5637817382812, ""resource_click"": 467.3643798828125, ""subpage_click"": 717.7124633789062, ""url_click"": 479.8033142089844, ""dataplus_click"": 78.0590591430664, ""glossary_click"": -505.4988708496094, ""oucollaborate_click"": -360.477294921875, ""quiz_click"": 1916.6358642578125, ""ouelluminate_click"": 5.934177398681641, ""sharedsubpage_click"": 405.9881286621094, ""questionnaire_click"": -1189.3060302734375, ""page_click"": -198.66981506347656, ""externalquiz_click"": 2.528597831726074, ""ouwiki_click"": 118.53279113769531, ""dualpane_click"": -752.0966796875, ""folder_click"": 816.2159423828125, ""repeatactivity_click"": 69.74713897705078, ""htmlactivity_click"": -113.60234069824219, ""code_module"": ""BBB"", ""gender"": ""M"", ""region"": ""Scotland"", ""highest_education"": ""A Level or Equivalent"", ""imd_band"": ""20-30%"", ""age_band"": ""0-35"", ""disability"": ""N""}"
counternet,490,0,1,"[{""feature"": ""num_of_prev_attempts"", ""from"": 0.0, ""to"": 505.61981201171875}, {""feature"": ""weight"", ""from"": 12.5, ""to"": 148.33912658691406}, {""feature"": ""weighted_score"", ""from"": 78.0, ""to"": 123.38092803955078}, {""feature"": ""studied_credits"", ""from"": 120.0, ""to"": 200.91065979003906}, {""feature"": ""forumng_click"", ""from"": 41.0, ""to"": -289.9160461425781}, {""feature"": ""homepage_click"", ""from"": 41.0, ""to"": 390.4893493652344}, {""feature"": ""oucontent_click"", ""from"": 62.0, ""to"": 519.8012084960938}, {""feature"": ""resource_click"", ""from"": 8.0, ""to"": 443.7560729980469}, {""feature"": ""subpage_click"", ""from"": 24.0, ""to"": 701.7891235351562}, {""feature"": ""url_click"", ""from"": 1.0, ""to"": 464.1361083984375}, {""feature"": ""dataplus_click"", ""from"": 0.0, ""to"": 82.49795532226562}, {""feature"": ""glossary_click"", ""from"": 0.0, ""to"": -498.85699462890625}, {""feature"": ""oucollaborate_click"", ""from"": 1.0, ""to"": -376.7379150390625}, {""feature"": ""quiz_click"", ""from"": 40.0, ""to"": 1903.165771484375}, {""feature"": ""ouelluminate_click"", ""from"": 0.0, ""to"": 10.381074905395508}, {""feature"": ""sharedsubpage_click"", ""from"": 0.0, ""to"": 400.5480041503906}, {""feature"": ""questionnaire_click"", ""from"": 0.0, ""to"": -1175.7977294921875}, {""feature"": ""page_click"", ""from"": 0.0, ""to"": -194.5600128173828}, {""feature"": ""externalquiz_click"", ""from"": 0.0, ""to"": -2.219320297241211}, {""feature"": ""ouwiki_click"", ""from"": 0.0, ""to"": 96.01596069335938}, {""feature"": ""dualpane_click"", ""from"": 0.0, ""to"": -738.216796875}, {""feature"": ""folder_click"", ""from"": 0.0, ""to"": 829.9901733398438}, {""feature"": ""repeatactivity_click"", ""from"": 0.0, ""to"": 84.17144012451172}, {""feature"": ""htmlactivity_click"", ""from"": 4.0, ""to"": -101.77057647705078}, {""feature"": ""code_module"", ""from"": ""FFF"", ""to"": ""BBB""}, {""feature"": ""region"", ""from"": ""East Midlands Region"", ""to"": ""Scotland""}, {""feature"": ""highest_education"", ""from"": ""Lower Than A Level"", ""to"": ""A Level or Equivalent""}, {""feature"": ""imd_band"", ""from"": ""90-100%"", ""to"": ""20-30%""}]","{""num_of_prev_attempts"": 0.0, ""weight"": 12.5, ""weighted_score"": 78.0, ""studied_credits"": 120.0, ""forumng_click"": 41.0, ""homepage_click"": 41.0, ""oucontent_click"": 62.0, ""resource_click"": 8.0, ""subpage_click"": 24.0, ""url_click"": 1.0, ""dataplus_click"": 0.0, ""glossary_click"": 0.0, ""oucollaborate_click"": 1.0, ""quiz_click"": 40.0, ""ouelluminate_click"": 0.0, ""sharedsubpage_click"": 0.0, ""questionnaire_click"": 0.0, ""page_click"": 0.0, ""externalquiz_click"": 0.0, ""ouwiki_click"": 0.0, ""dualpane_click"": 0.0, ""folder_click"": 0.0, ""repeatactivity_click"": 0.0, ""htmlactivity_click"": 4.0, ""code_module"": ""FFF"", ""gender"": ""M"", ""region"": ""East Midlands Region"", ""highest_education"": ""Lower Than A Level"", ""imd_band"": ""90-100%"", ""age_band"": ""0-35"", ""disability"": ""N""}","{""num_of_prev_attempts"": 505.61981201171875, ""weight"": 148.33912658691406, ""weighted_score"": 123.38092803955078, ""studied_credits"": 200.91065979003906, ""forumng_click"": -289.9160461425781, ""homepage_click"": 390.4893493652344, ""oucontent_click"": 519.8012084960938, ""resource_click"": 443.7560729980469, ""subpage_click"": 701.7891235351562, ""url_click"": 464.1361083984375, ""dataplus_click"": 82.49795532226562, ""glossary_click"": -498.85699462890625, ""oucollaborate_click"": -376.7379150390625, ""quiz_click"": 1903.165771484375, ""ouelluminate_click"": 10.381074905395508, ""sharedsubpage_click"": 400.5480041503906, ""questionnaire_click"": -1175.7977294921875, ""page_click"": -194.5600128173828, ""externalquiz_click"": -2.219320297241211, ""ouwiki_click"": 96.01596069335938, ""dualpane_click"": -738.216796875, ""folder_click"": 829.9901733398438, ""repeatactivity_click"": 84.17144012451172, ""htmlactivity_click"": -101.77057647705078, ""code_module"": ""BBB"", ""gender"": ""M"", ""region"": ""Scotland"", ""highest_education"": ""A Level or Equivalent"", ""imd_band"": ""20-30%"", ""age_band"": ""0-35"", ""disability"": ""N""}"
vanillacf,5537,0,1,"[{""feature"": ""num_of_prev_attempts"", ""from"": 1.0, ""to"": -274.2011413574219}, {""feature"": ""weight"", ""from"": 11.0, ""to"": 488.77874755859375}, {""feature"": ""weighted_score"", ""from"": 53.09090805053711, ""to"": 602.3180541992188}, {""feature"": ""studied_credits"", ""from"": 30.0, ""to"": 17.085613250732422}, {""feature"": ""forumng_click"", ""from"": 33.0, ""to"": 41.55204772949219}, {""feature"": ""homepage_click"", ""from"": 35.0, ""to"": 53.227970123291016}, {""feature"": ""oucontent_click"", ""from"": 0.0, ""to"": 23.752748489379883}, {""feature"": ""resource_click"", ""from"": 18.0, ""to"": 40.952571868896484}, {""feature"": ""subpage_click"", ""from"": 10.0, ""to"": -12.129053115844727}, {""feature"": ""url_click"", ""from"": 2.0, ""to"": 26.258808135986328}, {""feature"": ""dataplus_click"", ""from"": 0.0, ""to"": 560.7689819335938}, {""feature"": ""glossary_click"", ""from"": 0.0, ""to"": 43.81028366088867}, {""feature"": ""oucollaborate_click"", ""from"": 0.0, ""to"": 330.46484375}, {""feature"": ""quiz_click"", ""from"": 76.0, ""to"": 159.9758758544922}, {""feature"": ""ouelluminate_click"", ""from"": 0.0, ""to"": -244.3343505859375}, {""feature"": ""sharedsubpage_click"", ""from"": 0.0, ""to"": -266.93255615234375}, {""feature"": ""questionnaire_click"", ""from"": 0.0, ""to"": 90.4308853149414}, {""feature"": ""page_click"", ""from"": 0.0, ""to"": -243.0859832763672}, {""feature"": ""externalquiz_click"", ""from"": 0.0, ""to"": 148.08294677734375}, {""feature"": ""ouwiki_click"", ""from"": 0.0, ""to"": 182.27008056640625}, {""feature"": ""dualpane_click"", ""from"": 0.0, ""to"": -199.19322204589844}, {""feature"": ""folder_click"", ""from"": 0.0, ""to"": 469.5011901855469}, {""feature"": ""repeatactivity_click"", ""from"": 0.0, ""to"": -90.82765197753906}, {""feature"": ""htmlactivity_click"", ""from"": 0.0, ""to"": 25.750499725341797}]","{""num_of_prev_attempts"": 1.0, ""weight"": 11.0, ""weighted_score"": 53.09090805053711, ""studied_credits"": 30.0, ""forumng_click"": 33.0, ""homepage_click"": 35.0, ""oucontent_click"": 0.0, ""resource_click"": 18.0, ""subpage_click"": 10.0, ""url_click"": 2.0, ""dataplus_click"": 0.0, ""glossary_click"": 0.0, ""oucollaborate_click"": 0.0, ""quiz_click"": 76.0, ""ouelluminate_click"": 0.0, ""sharedsubpage_click"": 0.0, ""questionnaire_click"": 0.0, ""page_click"": 0.0, ""externalquiz_click"": 0.0, ""ouwiki_click"": 0.0, ""dualpane_click"": 0.0, ""folder_click"": 0.0, ""repeatactivity_click"": 0.0, ""htmlactivity_click"": 0.0, ""code_module"": ""CCC"", ""gender"": ""M"", ""region"": ""Wales"", ""highest_education"": ""Lower Than A Level"", ""imd_band"": ""20-30%"", ""age_band"": ""0-35"", ""disability"": ""N""}","{""num_of_prev_attempts"": -274.2011413574219, ""weight"": 488.77874755859375, ""weighted_score"": 602.3180541992188, ""studied_credits"": 17.085613250732422, ""forumng_click"": 41.55204772949219, ""homepage_click"": 53.227970123291016, ""oucontent_click"": 23.752748489379883, ""resource_click"": 40.952571868896484, ""subpage_click"": -12.129053115844727, ""url_click"": 26.258808135986328, ""dataplus_click"": 560.7689819335938, ""glossary_click"": 43.81028366088867, ""oucollaborate_click"": 330.46484375, ""quiz_click"": 159.9758758544922, ""ouelluminate_click"": -244.3343505859375, ""sharedsubpage_click"": -266.93255615234375, ""questionnaire_click"": 90.4308853149414, ""page_click"": -243.0859832763672, ""externalquiz_click"": 148.08294677734375, ""ouwiki_click"": 182.27008056640625, ""dualpane_click"": -199.19322204589844, ""folder_click"": 469.5011901855469, ""repeatactivity_click"": -90.82765197753906, ""htmlactivity_click"": 25.750499725341797, ""code_module"": ""CCC"", ""gender"": ""M"", ""region"": ""Wales"", ""highest_education"": ""Lower Than A Level"", ""imd_band"": ""20-30%"", ""age_band"": ""0-35"", ""disability"": ""N""}"
vanillacf,5301,0,1,"[{""feature"": ""num_of_prev_attempts"", ""from"": 1.0, ""to"": -287.30633544921875}, {""feature"": ""weight"", ""from"": 63.0, ""to"": 477.48260498046875}, {""feature"": ""weighted_score"", ""from"": 77.04762268066406, ""to"": 513.2996215820312}, {""feature"": ""studied_credits"", ""from"": 60.0, ""to"": 46.936092376708984}, {""feature"": ""forumng_click"", ""from"": 8.0, ""to"": 14.745532989501953}, {""feature"": ""homepage_click"", ""from"": 45.0, ""to"": 63.81808853149414}, {""feature"": ""oucontent_click"", ""from"": 0.0, ""to"": 22.0909366607666}, {""feature"": ""resource_click"", ""from"": 1.0, ""to"": 24.116851806640625}, {""feature"": ""subpage_click"", ""from"": 5.0, ""to"": -16.68678855895996}, {""feature"": ""url_click"", ""from"": 0.0, ""to"": 24.11103630065918}, {""feature"": ""dataplus_click"", ""from"": 0.0, ""to"": 435.0928649902344}, {""feature"": ""glossary_click"", ""from"": 0.0, ""to"": 54.716976165771484}, {""feature"": ""oucollaborate_click"", ""from"": 0.0, ""to"": 338.9508972167969}, {""feature"": ""quiz_click"", ""from"": 60.0, ""to"": 143.93373107910156}, {""feature"": ""ouelluminate_click"", ""from"": 0.0, ""to"": -267.73651123046875}, {""feature"": ""sharedsubpage_click"", ""from"": 0.0, ""to"": -277.6300354003906}, {""feature"": ""questionnaire_click"", ""from"": 0.0, ""to"": 89.86969757080078}, {""feature"": ""page_click"", ""from"": 0.0, ""to"": -255.303466796875}, {""feature"": ""externalquiz_click"", ""from"": 0.0, ""to"": 181.75782775878906}, {""feature"": ""ouwiki_click"", ""from"": 0.0, ""to"": 202.5546417236328}, {""feature"": ""dualpane_click"", ""from"": 0.0, ""to"": -218.9940185546875}, {""feature"": ""folder_click"", ""from"": 0.0, ""to"": 400.641845703125}, {""feature"": ""repeatactivity_click"", ""from"": 0.0, ""to"": -124.7849349975586}, {""feature"": ""htmlactivity_click"", ""from"": 0.0, ""to"": 21.787080764770508}]","{""num_of_prev_attempts"": 1.0, ""weight"": 63.0, ""weighted_score"": 77.04762268066406, ""studied_credits"": 60.0, ""forumng_click"": 8.0, ""homepage_click"": 45.0, ""oucontent_click"": 0.0, ""resource_click"": 1.0, ""subpage_click"": 5.0, ""url_click"": 0.0, ""dataplus_click"": 0.0, ""glossary_click"": 0.0, ""oucollaborate_click"": 0.0, ""quiz_click"": 60.0, ""ouelluminate_click"": 0.0, ""sharedsubpage_click"": 0.0, ""questionnaire_click"": 0.0, ""page_click"": 0.0, ""externalquiz_click"": 0.0, ""ouwiki_click"": 0.0, ""dualpane_click"": 0.0, ""folder_click"": 0.0, ""repeatactivity_click"": 0.0, ""htmlactivity_click"": 0.0, ""code_module"": ""BBB"", ""gender"": ""F"", ""region"": ""South East Region"", ""highest_education"": ""A Level or Equivalent"", ""imd_band"": ""80-90%"", ""age_band"": ""0-35"", ""disability"": ""N""}","{""num_of_prev_attempts"": -287.30633544921875, ""weight"": 477.48260498046875, ""weighted_score"": 513.2996215820312, ""studied_credits"": 46.936092376708984, ""forumng_click"": 14.745532989501953, ""homepage_click"": 63.81808853149414, ""oucontent_click"": 22.0909366607666, ""resource_click"": 24.116851806640625, ""subpage_click"": -16.68678855895996, ""url_click"": 24.11103630065918, ""dataplus_click"": 435.0928649902344, ""glossary_click"": 54.716976165771484, ""oucollaborate_click"": 338.9508972167969, ""quiz_click"": 143.93373107910156, ""ouelluminate_click"": -267.73651123046875, ""sharedsubpage_click"": -277.6300354003906, ""questionnaire_click"": 89.86969757080078, ""page_click"": -255.303466796875, ""externalquiz_click"": 181.75782775878906, ""ouwiki_click"": 202.5546417236328, ""dualpane_click"": -218.9940185546875, ""folder_click"": 400.641845703125, ""repeatactivity_click"": -124.7849349975586, ""htmlactivity_click"": 21.787080764770508, ""code_module"": ""BBB"", ""gender"": ""F"", ""region"": ""South East Region"", ""highest_education"": ""A Level or Equivalent"", ""imd_band"": ""80-90%"", ""age_band"": ""0-35"", ""disability"": ""N""}"
vanillacf,4147,1,1,[],"{""num_of_prev_attempts"": 0.0, ""weight"": 100.0, ""weighted_score"": 56.900001525878906, ""studied_credits"": 60.0, ""forumng_click"": 0.0, ""homepage_click"": 12.0, ""oucontent_click"": 20.0, ""resource_click"": 10.0, ""subpage_click"": 12.0, ""url_click"": 0.0, ""dataplus_click"": 0.0, ""glossary_click"": 0.0, ""oucollaborate_click"": 0.0, ""quiz_click"": 10.0, ""ouelluminate_click"": 0.0, ""sharedsubpage_click"": 0.0, ""questionnaire_click"": 0.0, ""page_click"": 0.0, ""externalquiz_click"": 0.0, ""ouwiki_click"": 0.0, ""dualpane_click"": 0.0, ""folder_click"": 0.0, ""repeatactivity_click"": 0.0, ""htmlactivity_click"": 0.0, ""code_module"": ""BBB"", ""gender"": ""F"", ""region"": ""West Midlands Region"", ""highest_education"": ""Lower Than A Level"", ""imd_band"": ""10-20"", ""age_band"": ""0-35"", ""disability"": ""Y""}","{""num_of_prev_attempts"": 0.0, ""weight"": 100.0, ""weighted_score"": 56.900001525878906, ""studied_credits"": 60.0, ""forumng_click"": 0.0, ""homepage_click"": 12.0, ""oucontent_click"": 20.0, ""resource_click"": 10.0, ""subpage_click"": 12.0, ""url_click"": 0.0, ""dataplus_click"": 0.0, ""glossary_click"": 0.0, ""oucollaborate_click"": 0.0, ""quiz_click"": 10.0, ""ouelluminate_click"": 0.0, ""sharedsubpage_click"": 0.0, ""questionnaire_click"": 0.0, ""page_click"": 0.0, ""externalquiz_click"": 0.0, ""ouwiki_click"": 0.0, ""dualpane_click"": 0.0, ""folder_click"": 0.0, ""repeatactivity_click"": 0.0, ""htmlactivity_click"": 0.0, ""code_module"": ""BBB"", ""gender"": ""F"", ""region"": ""West Midlands Region"", ""highest_education"": ""Lower Than A Level"", ""imd_band"": ""10-20"", ""age_band"": ""0-35"", ""disability"": ""Y""}"
vanillacf,3328,1,1,[],"{""num_of_prev_attempts"": 0.0, ""weight"": 100.0, ""weighted_score"": 91.0, ""studied_credits"": 60.0, ""forumng_click"": 304.0, ""homepage_click"": 468.0, ""oucontent_click"": 1325.0, ""resource_click"": 33.0, ""subpage_click"": 278.0, ""url_click"": 52.0, ""dataplus_click"": 23.0, ""glossary_click"": 0.0, ""oucollaborate_click"": 0.0, ""quiz_click"": 849.0, ""ouelluminate_click"": 0.0, ""sharedsubpage_click"": 0.0, ""questionnaire_click"": 24.0, ""page_click"": 11.0, ""externalquiz_click"": 0.0, ""ouwiki_click"": 34.0, ""dualpane_click"": 7.000000476837158, ""folder_click"": 1.0, ""repeatactivity_click"": 0.0, ""htmlactivity_click"": 0.0, ""code_module"": ""FFF"", ""gender"": ""F"", ""region"": ""South West Region"", ""highest_education"": ""Lower Than A Level"", ""imd_band"": ""60-70%"", ""age_band"": ""0-35"", ""disability"": ""N""}","{""num_of_prev_attempts"": 0.0, ""weight"": 100.0, ""weighted_score"": 91.0, ""studied_credits"": 60.0, ""forumng_click"": 304.0, ""homepage_click"": 468.0, ""oucontent_click"": 1325.0, ""resource_click"": 33.0, ""subpage_click"": 278.0, ""url_click"": 52.0, ""dataplus_click"": 23.0, ""glossary_click"": 0.0, ""oucollaborate_click"": 0.0, ""quiz_click"": 849.0, ""ouelluminate_click"": 0.0, ""sharedsubpage_click"": 0.0, ""questionnaire_click"": 24.0, ""page_click"": 11.0, ""externalquiz_click"": 0.0, ""ouwiki_click"": 34.0, ""dualpane_click"": 7.000000476837158, ""folder_click"": 1.0, ""repeatactivity_click"": 0.0, ""htmlactivity_click"": 0.0, ""code_module"": ""FFF"", ""gender"": ""F"", ""region"": ""South West Region"", ""highest_education"": ""Lower Than A Level"", ""imd_band"": ""60-70%"", ""age_band"": ""0-35"", ""disability"": ""N""}"
vanillacf,1757,0,1,"[{""feature"": ""num_of_prev_attempts"", ""from"": 0.0, ""to"": -273.3503112792969}, {""feature"": ""weight"", ""from"": 16.0, ""to"": 449.72247314453125}, {""feature"": ""weighted_score"", ""from"": 93.0, ""to"": 572.687744140625}, {""feature"": ""studied_credits"", ""from"": 60.0, ""to"": 46.65221405029297}, {""feature"": ""forumng_click"", ""from"": 26.999998092651367, ""to"": 35.020259857177734}, {""feature"": ""homepage_click"", ""from"": 67.0, ""to"": 85.22925567626953}, {""feature"": ""oucontent_click"", ""from"": 212.0, ""to"": 233.77935791015625}, {""feature"": ""resource_click"", ""from"": 3.0, ""to"": 26.539262771606445}, {""feature"": ""subpage_click"", ""from"": 7.000000476837158, ""to"": -12.734986305236816}, {""feature"": ""url_click"", ""from"": 12.0, ""to"": 36.111900329589844}, {""feature"": ""dataplus_click"", ""from"": 0.0, ""to"": 485.68194580078125}, {""feature"": ""glossary_click"", ""from"": 0.0, ""to"": 46.4818229675293}, {""feature"": ""oucollaborate_click"", ""from"": 1.0, ""to"": 329.52032470703125}, {""feature"": ""quiz_click"", ""from"": 84.0, ""to"": 168.47523498535156}, {""feature"": ""ouelluminate_click"", ""from"": 0.0, ""to"": -247.40797424316406}, {""feature"": ""sharedsubpage_click"", ""from"": 0.0, ""to"": -264.4342956542969}, {""feature"": ""questionnaire_click"", ""from"": 0.0, ""to"": 95.06687927246094}, {""feature"": ""page_click"", ""from"": 0.0, ""to"": -241.8721923828125}, {""feature"": ""externalquiz_click"", ""from"": 0.0, ""to"": 155.42138671875}, {""feature"": ""ouwiki_click"", ""from"": 0.0, ""to"": 185.29525756835938}, {""feature"": ""dualpane_click"", ""from"": 0.0, ""to"": -201.0401611328125}, {""feature"": ""folder_click"", ""from"": 0.0, ""to"": 424.91583251953125}, {""feature"": ""repeatactivity_click"", ""from"": 0.0, ""to"": -96.18759155273438}, {""feature"": ""htmlactivity_click"", ""from"": 0.0, ""to"": 23.209182739257812}]","{""num_of_prev_attempts"": 0.0, ""weight"": 16.0, ""weighted_score"": 93.0, ""studied_credits"": 60.0, ""forumng_click"": 26.999998092651367, ""homepage_click"": 67.0, ""oucontent_click"": 212.0, ""resource_click"": 3.0, ""subpage_click"": 7.000000476837158, ""url_click"": 12.0, ""dataplus_click"": 0.0, ""glossary_click"": 0.0, ""oucollaborate_click"": 1.0, ""quiz_click"": 84.0, ""ouelluminate_click"": 0.0, ""sharedsubpage_click"": 0.0, ""questionnaire_click"": 0.0, ""page_click"": 0.0, ""externalquiz_click"": 0.0, ""ouwiki_click"": 0.0, ""dualpane_click"": 0.0, ""folder_click"": 0.0, ""repeatactivity_click"": 0.0, ""htmlactivity_click"": 0.0, ""code_module"": ""EEE"", ""gender"": ""M"", ""region"": ""North Western Region"", ""highest_education"": ""HE Qualification"", ""imd_band"": ""0-10%"", ""age_band"": ""0-35"", ""disability"": ""N""}","{""num_of_prev_attempts"": -273.3503112792969, ""weight"": 449.72247314453125, ""weighted_score"": 572.687744140625, ""studied_credits"": 46.65221405029297, ""forumng_click"": 35.020259857177734, ""homepage_click"": 85.22925567626953, ""oucontent_click"": 233.77935791015625, ""resource_click"": 26.539262771606445, ""subpage_click"": -12.734986305236816, ""url_click"": 36.111900329589844, ""dataplus_click"": 485.68194580078125, ""glossary_click"": 46.4818229675293, ""oucollaborate_click"": 329.52032470703125, ""quiz_click"": 168.47523498535156, ""ouelluminate_click"": -247.40797424316406, ""sharedsubpage_click"": -264.4342956542969, ""questionnaire_click"": 95.06687927246094, ""page_click"": -241.8721923828125, ""externalquiz_click"": 155.42138671875, ""ouwiki_click"": 185.29525756835938, ""dualpane_click"": -201.0401611328125, ""folder_click"": 424.91583251953125, ""repeatactivity_click"": -96.18759155273438, ""htmlactivity_click"": 23.209182739257812, ""code_module"": ""EEE"", ""gender"": ""M"", ""region"": ""North Western Region"", ""highest_education"": ""HE Qualification"", ""imd_band"": ""0-10%"", ""age_band"": ""0-35"", ""disability"": ""N""}"
vanillacf,266,1,1,[],"{""num_of_prev_attempts"": 0.0, ""weight"": 100.0, ""weighted_score"": 80.19000244140625, ""studied_credits"": 120.0, ""forumng_click"": 142.0, ""homepage_click"": 172.0, ""oucontent_click"": 13.0, ""resource_click"": 13.0, ""subpage_click"": 30.0, ""url_click"": 11.0, ""dataplus_click"": 0.0, ""glossary_click"": 0.0, ""oucollaborate_click"": 0.0, ""quiz_click"": 109.0, ""ouelluminate_click"": 0.0, ""sharedsubpage_click"": 0.0, ""questionnaire_click"": 0.0, ""page_click"": 0.0, ""externalquiz_click"": 0.0, ""ouwiki_click"": 0.0, ""dualpane_click"": 0.0, ""folder_click"": 0.0, ""repeatactivity_click"": 0.0, ""htmlactivity_click"": 0.0, ""code_module"": ""BBB"", ""gender"": ""F"", ""region"": ""West Midlands Region"", ""highest_education"": ""A Level or Equivalent"", ""imd_band"": ""0-10%"", ""age_band"": ""0-35"", ""disability"": ""N""}","{""num_of_prev_attempts"": 0.0, ""weight"": 100.0, ""weighted_score"": 80.19000244140625, ""studied_credits"": 120.0, ""forumng_click"": 142.0, ""homepage_click"": 172.0, ""oucontent_click"": 13.0, ""resource_click"": 13.0, ""subpage_click"": 30.0, ""url_click"": 11.0, ""dataplus_click"": 0.0, ""glossary_click"": 0.0, ""oucollaborate_click"": 0.0, ""quiz_click"": 109.0, ""ouelluminate_click"": 0.0, ""sharedsubpage_click"": 0.0, ""questionnaire_click"": 0.0, ""page_click"": 0.0, ""externalquiz_click"": 0.0, ""ouwiki_click"": 0.0, ""dualpane_click"": 0.0, ""folder_click"": 0.0, ""repeatactivity_click"": 0.0, ""htmlactivity_click"": 0.0, ""code_module"": ""BBB"", ""gender"": ""F"", ""region"": ""West Midlands Region"", ""highest_education"": ""A Level or Equivalent"", ""imd_band"": ""0-10%"", ""age_band"": ""0-35"", ""disability"": ""N""}"
vanillacf,107,1,1,[],"{""num_of_prev_attempts"": 0.0, ""weight"": 100.0, ""weighted_score"": 81.5, ""studied_credits"": 120.0, ""forumng_click"": 764.0, ""homepage_click"": 907.9999389648438, ""oucontent_click"": 2080.0, ""resource_click"": 33.0, ""subpage_click"": 514.0, ""url_click"": 105.0, ""dataplus_click"": 14.000000953674316, ""glossary_click"": 0.0, ""oucollaborate_click"": 0.0, ""quiz_click"": 984.0000610351562, ""ouelluminate_click"": 12.0, ""sharedsubpage_click"": 0.0, ""questionnaire_click"": 26.0, ""page_click"": 30.0, ""externalquiz_click"": 0.0, ""ouwiki_click"": 64.0, ""dualpane_click"": 6.0, ""folder_click"": 0.0, ""repeatactivity_click"": 0.0, ""htmlactivity_click"": 0.0, ""code_module"": ""FFF"", ""gender"": ""M"", ""region"": ""Scotland"", ""highest_education"": ""Lower Than A Level"", ""imd_band"": ""40-50%"", ""age_band"": ""0-35"", ""disability"": ""N""}","{""num_of_prev_attempts"": 0.0, ""weight"": 100.0, ""weighted_score"": 81.5, ""studied_credits"": 120.0, ""forumng_click"": 764.0, ""homepage_click"": 907.9999389648438, ""oucontent_click"": 2080.0, ""resource_click"": 33.0, ""subpage_click"": 514.0, ""url_click"": 105.0, ""dataplus_click"": 14.000000953674316, ""glossary_click"": 0.0, ""oucollaborate_click"": 0.0, ""quiz_click"": 984.0000610351562, ""ouelluminate_click"": 12.0, ""sharedsubpage_click"": 0.0, ""questionnaire_click"": 26.0, ""page_click"": 30.0, ""externalquiz_click"": 0.0, ""ouwiki_click"": 64.0, ""dualpane_click"": 6.0, ""folder_click"": 0.0, ""repeatactivity_click"": 0.0, ""htmlactivity_click"": 0.0, ""code_module"": ""FFF"", ""gender"": ""M"", ""region"": ""Scotland"", ""highest_education"": ""Lower Than A Level"", ""imd_band"": ""40-50%"", ""age_band"": ""0-35"", ""disability"": ""N""}"
vanillacf,2005,0,1,"[{""feature"": ""num_of_prev_attempts"", ""from"": 1.0, ""to"": -292.1075134277344}, {""feature"": ""weight"", ""from"": 0.0, ""to"": 471.6345520019531}, {""feature"": ""weighted_score"", ""from"": 0.0, ""to"": 546.94677734375}, {""feature"": ""studied_credits"", ""from"": 60.0, ""to"": 46.79262161254883}, {""feature"": ""forumng_click"", ""from"": 2.0, ""to"": 10.00206184387207}, {""feature"": ""homepage_click"", ""from"": 28.000001907348633, ""to"": 47.48976135253906}, {""feature"": ""oucontent_click"", ""from"": 15.0, ""to"": 39.15380096435547}, {""feature"": ""resource_click"", ""from"": 5.0, ""to"": 30.192380905151367}, {""feature"": ""subpage_click"", ""from"": 21.0, ""to"": -2.233286142349243}, {""feature"": ""url_click"", ""from"": 4.0, ""to"": 28.82223129272461}, {""feature"": ""dataplus_click"", ""from"": 0.0, ""to"": 562.3034057617188}, {""feature"": ""glossary_click"", ""from"": 0.0, ""to"": 49.96567916870117}, {""feature"": ""oucollaborate_click"", ""from"": 0.0, ""to"": 353.47918701171875}, {""feature"": ""quiz_click"", ""from"": 1.0, ""to"": 91.79485321044922}, {""feature"": ""ouelluminate_click"", ""from"": 0.0, ""to"": -265.6371154785156}, {""feature"": ""sharedsubpage_click"", ""from"": 0.0, ""to"": -282.9620361328125}, {""feature"": ""questionnaire_click"", ""from"": 0.0, ""to"": 91.89864349365234}, {""feature"": ""page_click"", ""from"": 8.0, ""to"": -251.63975524902344}, {""feature"": ""externalquiz_click"", ""from"": 0.0, ""to"": 164.91116333007812}, {""feature"": ""ouwiki_click"", ""from"": 0.0, ""to"": 193.63037109375}, {""feature"": ""dualpane_click"", ""from"": 0.0, ""to"": -212.12899780273438}, {""feature"": ""folder_click"", ""from"": 0.0, ""to"": 465.2239990234375}, {""feature"": ""repeatactivity_click"", ""from"": 0.0, ""to"": -96.62801361083984}, {""feature"": ""htmlactivity_click"", ""from"": 0.0, ""to"": 26.13241958618164}]","{""num_of_prev_attempts"": 1.0, ""weight"": 0.0, ""weighted_score"": 0.0, ""studied_credits"": 60.0, ""forumng_click"": 2.0, ""homepage_click"": 28.000001907348633, ""oucontent_click"": 15.0, ""resource_click"": 5.0, ""subpage_click"": 21.0, ""url_click"": 4.0, ""dataplus_click"": 0.0, ""glossary_click"": 0.0, ""oucollaborate_click"": 0.0, ""quiz_click"": 1.0, ""ouelluminate_click"": 0.0, ""sharedsubpage_click"": 0.0, ""questionnaire_click"": 0.0, ""page_click"": 8.0, ""externalquiz_click"": 0.0, ""ouwiki_click"": 0.0, ""dualpane_click"": 0.0, ""folder_click"": 0.0, ""repeatactivity_click"": 0.0, ""htmlactivity_click"": 0.0, ""code_module"": ""FFF"", ""gender"": ""M"", ""region"": ""London Region"", ""highest_education"": ""A Level or Equivalent"", ""imd_band"": ""20-30%"", ""age_band"": ""0-35"", ""disability"": ""N""}","{""num_of_prev_attempts"": -292.1075134277344, ""weight"": 471.6345520019531, ""weighted_score"": 546.94677734375, ""studied_credits"": 46.79262161254883, ""forumng_click"": 10.00206184387207, ""homepage_click"": 47.48976135253906, ""oucontent_click"": 39.15380096435547, ""resource_click"": 30.192380905151367, ""subpage_click"": -2.233286142349243, ""url_click"": 28.82223129272461, ""dataplus_click"": 562.3034057617188, ""glossary_click"": 49.96567916870117, ""oucollaborate_click"": 353.47918701171875, ""quiz_click"": 91.79485321044922, ""ouelluminate_click"": -265.6371154785156, ""sharedsubpage_click"": -282.9620361328125, ""questionnaire_click"": 91.89864349365234, ""page_click"": -251.63975524902344, ""externalquiz_click"": 164.91116333007812, ""ouwiki_click"": 193.63037109375, ""dualpane_click"": -212.12899780273438, ""folder_click"": 465.2239990234375, ""repeatactivity_click"": -96.62801361083984, ""htmlactivity_click"": 26.13241958618164, ""code_module"": ""FFF"", ""gender"": ""M"", ""region"": ""London Region"", ""highest_education"": ""A Level or Equivalent"", ""imd_band"": ""20-30%"", ""age_band"": ""0-35"", ""disability"": ""N""}"
vanillacf,1142,1,1,[],"{""num_of_prev_attempts"": 0.0, ""weight"": 197.0, ""weighted_score"": 58.35533142089844, ""studied_credits"": 90.0, ""forumng_click"": 197.0, ""homepage_click"": 284.0, ""oucontent_click"": 246.00001525878906, ""resource_click"": 77.0, ""subpage_click"": 102.0, ""url_click"": 8.0, ""dataplus_click"": 0.0, ""glossary_click"": 0.0, ""oucollaborate_click"": 0.0, ""quiz_click"": 0.0, ""ouelluminate_click"": 3.0, ""sharedsubpage_click"": 0.0, ""questionnaire_click"": 0.0, ""page_click"": 0.0, ""externalquiz_click"": 12.0, ""ouwiki_click"": 19.0, ""dualpane_click"": 0.0, ""folder_click"": 0.0, ""repeatactivity_click"": 0.0, ""htmlactivity_click"": 0.0, ""code_module"": ""DDD"", ""gender"": ""F"", ""region"": ""South Region"", ""highest_education"": ""A Level or Equivalent"", ""imd_band"": ""40-50%"", ""age_band"": ""0-35"", ""disability"": ""N""}","{""num_of_prev_attempts"": 0.0, ""weight"": 197.0, ""weighted_score"": 58.35533142089844, ""studied_credits"": 90.0, ""forumng_click"": 197.0, ""homepage_click"": 284.0, ""oucontent_click"": 246.00001525878906, ""resource_click"": 77.0, ""subpage_click"": 102.0, ""url_click"": 8.0, ""dataplus_click"": 0.0, ""glossary_click"": 0.0, ""oucollaborate_click"": 0.0, ""quiz_click"": 0.0, ""ouelluminate_click"": 3.0, ""sharedsubpage_click"": 0.0, ""questionnaire_click"": 0.0, ""page_click"": 0.0, ""externalquiz_click"": 12.0, ""ouwiki_click"": 19.0, ""dualpane_click"": 0.0, ""folder_click"": 0.0, ""repeatactivity_click"": 0.0, ""htmlactivity_click"": 0.0, ""code_module"": ""DDD"", ""gender"": ""F"", ""region"": ""South Region"", ""highest_education"": ""A Level or Equivalent"", ""imd_band"": ""40-50%"", ""age_band"": ""0-35"", ""disability"": ""N""}"
vanillacf,490,0,1,"[{""feature"": ""num_of_prev_attempts"", ""from"": 0.0, ""to"": -268.45068359375}, {""feature"": ""weight"", ""from"": 12.5, ""to"": 471.4337463378906}, {""feature"": ""weighted_score"", ""from"": 78.0, ""to"": 603.5628662109375}, {""feature"": ""studied_credits"", ""from"": 120.0, ""to"": 107.84942626953125}, {""feature"": ""forumng_click"", ""from"": 41.0, ""to"": 48.120670318603516}, {""feature"": ""homepage_click"", ""from"": 41.0, ""to"": 58.08524703979492}, {""feature"": ""oucontent_click"", ""from"": 62.0, ""to"": 82.21269226074219}, {""feature"": ""resource_click"", ""from"": 8.0, ""to"": 31.278627395629883}, {""feature"": ""subpage_click"", ""from"": 24.0, ""to"": 2.7746241092681885}, {""feature"": ""url_click"", ""from"": 1.0, ""to"": 24.428266525268555}, {""feature"": ""dataplus_click"", ""from"": 0.0, ""to"": 540.3932495117188}, {""feature"": ""glossary_click"", ""from"": 0.0, ""to"": 46.294158935546875}, {""feature"": ""oucollaborate_click"", ""from"": 1.0, ""to"": 323.835693359375}, {""feature"": ""quiz_click"", ""from"": 40.0, ""to"": 126.06941986083984}, {""feature"": ""ouelluminate_click"", ""from"": 0.0, ""to"": -244.0641632080078}, {""feature"": ""sharedsubpage_click"", ""from"": 0.0, ""to"": -260.31964111328125}, {""feature"": ""questionnaire_click"", ""from"": 0.0, ""to"": 82.76587677001953}, {""feature"": ""page_click"", ""from"": 0.0, ""to"": -242.02691650390625}, {""feature"": ""externalquiz_click"", ""from"": 0.0, ""to"": 147.8625030517578}, {""feature"": ""ouwiki_click"", ""from"": 0.0, ""to"": 176.5155487060547}, {""feature"": ""dualpane_click"", ""from"": 0.0, ""to"": -197.39898681640625}, {""feature"": ""folder_click"", ""from"": 0.0, ""to"": 448.4552001953125}, {""feature"": ""repeatactivity_click"", ""from"": 0.0, ""to"": -88.09442901611328}, {""feature"": ""htmlactivity_click"", ""from"": 4.0, ""to"": 27.69562339782715}]","{""num_of_prev_attempts"": 0.0, ""weight"": 12.5, ""weighted_score"": 78.0, ""studied_credits"": 120.0, ""forumng_click"": 41.0, ""homepage_click"": 41.0, ""oucontent_click"": 62.0, ""resource_click"": 8.0, ""subpage_click"": 24.0, ""url_click"": 1.0, ""dataplus_click"": 0.0, ""glossary_click"": 0.0, ""oucollaborate_click"": 1.0, ""quiz_click"": 40.0, ""ouelluminate_click"": 0.0, ""sharedsubpage_click"": 0.0, ""questionnaire_click"": 0.0, ""page_click"": 0.0, ""externalquiz_click"": 0.0, ""ouwiki_click"": 0.0, ""dualpane_click"": 0.0, ""folder_click"": 0.0, ""repeatactivity_click"": 0.0, ""htmlactivity_click"": 4.0, ""code_module"": ""FFF"", ""gender"": ""M"", ""region"": ""East Midlands Region"", ""highest_education"": ""Lower Than A Level"", ""imd_band"": ""90-100%"", ""age_band"": ""0-35"", ""disability"": ""N""}","{""num_of_prev_attempts"": -268.45068359375, ""weight"": 471.4337463378906, ""weighted_score"": 603.5628662109375, ""studied_credits"": 107.84942626953125, ""forumng_click"": 48.120670318603516, ""homepage_click"": 58.08524703979492, ""oucontent_click"": 82.21269226074219, ""resource_click"": 31.278627395629883, ""subpage_click"": 2.7746241092681885, ""url_click"": 24.428266525268555, ""dataplus_click"": 540.3932495117188, ""glossary_click"": 46.294158935546875, ""oucollaborate_click"": 323.835693359375, ""quiz_click"": 126.06941986083984, ""ouelluminate_click"": -244.0641632080078, ""sharedsubpage_click"": -260.31964111328125, ""questionnaire_click"": 82.76587677001953, ""page_click"": -242.02691650390625, ""externalquiz_click"": 147.8625030517578, ""ouwiki_click"": 176.5155487060547, ""dualpane_click"": -197.39898681640625, ""folder_click"": 448.4552001953125, ""repeatactivity_click"": -88.09442901611328, ""htmlactivity_click"": 27.69562339782715, ""code_module"": ""FFF"", ""gender"": ""M"", ""region"": ""East Midlands Region"", ""highest_education"": ""Lower Than A Level"", ""imd_band"": ""90-100%"", ""age_band"": ""0-35"", ""disability"": ""N""}"
