model,index,y_hat,cf_y_hat,changes_json,x_json,cf_json
discrete_recoursenet,1771,0,1,"[{""feature"": ""AverageMInFile"", ""from"": 17.999998092651367, ""to"": 382.0}]","{""ExternalRiskEstimate"": 58.0, ""MSinceOldestTradeOpen"": 33.0, ""MSinceMostRecentTradeOpen"": 5.0, ""AverageMInFile"": 17.999998092651367, ""NumSatisfactoryTrades"": 12.0, ""NumTrades60Ever2DerogPubRec"": 0.0, ""NumTrades90Ever2DerogPubRec"": 0.0, ""PercentTradesNeverDelq"": 100.0, ""MSinceMostRecentDelq"": -7.0, ""NumTotalTrades"": 12.0, ""NumTradesOpeninLast12M"": 4.0, ""PercentInstallTrades"": 49.999996185302734, ""MSinceMostRecentInqexcl7days"": 0.0, ""NumInqLast6M"": 1.0, ""NumInqLast6Mexcl7days"": 1.0, ""NetFractionRevolvingBurden"": 95.99999237060547, ""NetFractionInstallBurden"": 68.0, ""NumRevolvingTradesWBalance"": 5.0, ""NumInstallTradesWBalance"": 5.0, ""NumBank2NatlTradesWHighUtilization"": 4.0, ""PercentTradesWBalance"": 91.0, ""MaxDelq2PublicRecLast12M"": ""Never Delinquent"", ""MaxDelqEver"": ""Never Delinquent""}","{""ExternalRiskEstimate"": 58.0, ""MSinceOldestTradeOpen"": 33.0, ""MSinceMostRecentTradeOpen"": 5.0, ""AverageMInFile"": 382.0, ""NumSatisfactoryTrades"": 12.0, ""NumTrades60Ever2DerogPubRec"": 0.0, ""NumTrades90Ever2DerogPubRec"": 0.0, ""PercentTradesNeverDelq"": 100.0, ""MSinceMostRecentDelq"": -7.0, ""NumTotalTrades"": 12.0, ""NumTradesOpeninLast12M"": 4.0, ""PercentInstallTrades"": 49.999996185302734, ""MSinceMostRecentInqexcl7days"": 0.0, ""NumInqLast6M"": 1.0, ""NumInqLast6Mexcl7days"": 1.0, ""NetFractionRevolvingBurden"": 95.99999237060547, ""NetFractionInstallBurden"": 68.0, ""NumRevolvingTradesWBalance"": 5.0, ""NumInstallTradesWBalance"": 5.0, ""NumBank2NatlTradesWHighUtilization"": 4.0, ""PercentTradesWBalance"": 91.0, ""MaxDelq2PublicRecLast12M"": ""Never Delinquent"", ""MaxDelqEver"": ""Never Delinquent""}"
discrete_recoursenet,1701,1,1,"[{""feature"": ""AverageMInFile"", ""from"": 143.0, ""to"": 268.0}]","{""ExternalRiskEstimate"": 91.0, ""MSinceOldestTradeOpen"": 132.0, ""MSinceMostRecentTradeOpen"": 36.0, ""AverageMInFile"": 143.0, ""NumSatisfactoryTrades"": 13.0, ""NumTrades60Ever2DerogPubRec"": 0.0, ""NumTrades90Ever2DerogPubRec"": 0.0, ""PercentTradesNeverDelq"": 100.0, ""MSinceMostRecentDelq"": -7.0, ""NumTotalTrades"": 2.0, ""NumTradesOpeninLast12M"": 0.0, ""PercentInstallTrades"": 8.0, ""MSinceMostRecentInqexcl7days"": 21.0, ""NumInqLast6M"": 0.0, ""NumInqLast6Mexcl7days"": 0.0, ""NetFractionRevolvingBurden"": 9.0, ""NetFractionInstallBurden"": -8.0, ""NumRevolvingTradesWBalance"": 2.0, ""NumInstallTradesWBalance"": -8.0, ""NumBank2NatlTradesWHighUtilization"": 0.0, ""PercentTradesWBalance"": 22.000001907348633, ""MaxDelq2PublicRecLast12M"": ""Never Delinquent"", ""MaxDelqEver"": ""Never Delinquent""}","{""ExternalRiskEstimate"": 91.0, ""MSinceOldestTradeOpen"": 132.0, ""MSinceMostRecentTradeOpen"": 36.0, ""AverageMInFile"": 268.0, ""NumSatisfactoryTrades"": 13.0, ""NumTrades60Ever2DerogPubRec"": 0.0, ""NumTrades90Ever2DerogPubRec"": 0.0, ""PercentTradesNeverDelq"": 100.0, ""MSinceMostRecentDelq"": -7.0, ""NumTotalTrades"": 2.0, ""NumTradesOpeninLast12M"": 0.0, ""PercentInstallTrades"": 8.0, ""MSinceMostRecentInqexcl7days"": 21.0, ""NumInqLast6M"": 0.0, ""NumInqLast6Mexcl7days"": 0.0, ""NetFractionRevolvingBurden"": 9.0, ""NetFractionInstallBurden"": -8.0, ""NumRevolvingTradesWBalance"": 2.0, ""NumInstallTradesWBalance"": -8.0, ""NumBank2NatlTradesWHighUtilization"": 0.0, ""PercentTradesWBalance"": 22.000001907348633, ""MaxDelq2PublicRecLast12M"": ""Never Delinquent"", ""MaxDelqEver"": ""Never Delinquent""}"
discrete_recoursenet,1327,0,1,"[{""feature"": ""AverageMInFile"", ""from"": 62.0, ""to"": 382.0}, {""feature"": ""MSinceMostRecentInqexcl7days"", ""from"": -7.0, ""to"": 0.0}, {""feature"": ""MaxDelq2PublicRecLast12M"", ""from"": NaN, ""to"": ""Never Delinquent""}, {""feature"": ""MaxDelqEver"", ""from"": ""60 Days Delinquent"", ""to"": ""Never Delinquent""}]","{""ExternalRiskEstimate"": 63.0, ""MSinceOldestTradeOpen"": 211.99998474121094, ""MSinceMostRecentTradeOpen"": 3.0, ""AverageMInFile"": 62.0, ""NumSatisfactoryTrades"": 16.0, ""NumTrades60Ever2DerogPubRec"": 2.0, ""NumTrades90Ever2DerogPubRec"": 0.0, ""PercentTradesNeverDelq"": 72.0, ""MSinceMostRecentDelq"": 12.0, ""NumTotalTrades"": 20.000001907348633, ""NumTradesOpeninLast12M"": 1.0, ""PercentInstallTrades"": 44.0, ""MSinceMostRecentInqexcl7days"": -7.0, ""NumInqLast6M"": 2.0, ""NumInqLast6Mexcl7days"": 2.0, ""NetFractionRevolvingBurden"": 66.0, ""NetFractionInstallBurden"": 89.0, ""NumRevolvingTradesWBalance"": 3.0, ""NumInstallTradesWBalance"": 5.0, ""NumBank2NatlTradesWHighUtilization"": 2.0, ""PercentTradesWBalance"": 73.0, ""MaxDelq2PublicRecLast12M"": NaN, ""MaxDelqEver"": ""60 Days Delinquent""}","{""ExternalRiskEstimate"": 63.0, ""MSinceOldestTradeOpen"": 211.99998474121094, ""MSinceMostRecentTradeOpen"": 3.0, ""AverageMInFile"": 382.0, ""NumSatisfactoryTrades"": 16.0, ""NumTrades60Ever2DerogPubRec"": 2.0, ""NumTrades90Ever2DerogPubRec"": 0.0, ""PercentTradesNeverDelq"": 72.0, ""MSinceMostRecentDelq"": 12.0, ""NumTotalTrades"": 20.000001907348633, ""NumTradesOpeninLast12M"": 1.0, ""PercentInstallTrades"": 44.0, ""MSinceMostRecentInqexcl7days"": 0.0, ""NumInqLast6M"": 2.0, ""NumInqLast6Mexcl7days"": 2.0, ""NetFractionRevolvingBurden"": 66.0, ""NetFractionInstallBurden"": 89.0, ""NumRevolvingTradesWBalance"": 3.0, ""NumInstallTradesWBalance"": 5.0, ""NumBank2NatlTradesWHighUtilization"": 2.0, ""PercentTradesWBalance"": 73.0, ""MaxDelq2PublicRecLast12M"": ""Never Delinquent"", ""MaxDelqEver"": ""Never Delinquent""}"
discrete_recoursenet,1065,0,1,"[{""feature"": ""AverageMInFile"", ""from"": 49.999996185302734, ""to"": 382.0}, {""feature"": ""MaxDelq2PublicRecLast12M"", ""from"": NaN, ""to"": ""Never Delinquent""}, {""feature"": ""MaxDelqEver"", ""from"": ""30 Days Delinquent"", ""to"": ""Never Delinquent""}]","{""ExternalRiskEstimate"": 59.0, ""MSinceOldestTradeOpen"": 90.0, ""MSinceMostRecentTradeOpen"": 11.0, ""AverageMInFile"": 49.999996185302734, ""NumSatisfactoryTrades"": 27.0, ""NumTrades60Ever2DerogPubRec"": 0.0, ""NumTrades90Ever2DerogPubRec"": 0.0, ""PercentTradesNeverDelq"": 95.99999237060547, ""MSinceMostRecentDelq"": 76.0, ""NumTotalTrades"": 27.0, ""NumTradesOpeninLast12M"": 1.0, ""PercentInstallTrades"": 15.0, ""MSinceMostRecentInqexcl7days"": 1.0, ""NumInqLast6M"": 2.0, ""NumInqLast6Mexcl7days"": 2.0, ""NetFractionRevolvingBurden"": 68.0, ""NetFractionInstallBurden"": 83.0, ""NumRevolvingTradesWBalance"": 11.0, ""NumInstallTradesWBalance"": 1.0, ""NumBank2NatlTradesWHighUtilization"": 2.0, ""PercentTradesWBalance"": 86.0, ""MaxDelq2PublicRecLast12M"": NaN, ""MaxDelqEver"": ""30 Days Delinquent""}","{""ExternalRiskEstimate"": 59.0, ""MSinceOldestTradeOpen"": 90.0, ""MSinceMostRecentTradeOpen"": 11.0, ""AverageMInFile"": 382.0, ""NumSatisfactoryTrades"": 27.0, ""NumTrades60Ever2DerogPubRec"": 0.0, ""NumTrades90Ever2DerogPubRec"": 0.0, ""PercentTradesNeverDelq"": 95.99999237060547, ""MSinceMostRecentDelq"": 76.0, ""NumTotalTrades"": 27.0, ""NumTradesOpeninLast12M"": 1.0, ""PercentInstallTrades"": 15.0, ""MSinceMostRecentInqexcl7days"": 1.0, ""NumInqLast6M"": 2.0, ""NumInqLast6Mexcl7days"": 2.0, ""NetFractionRevolvingBurden"": 68.0, ""NetFractionInstallBurden"": 83.0, ""NumRevolvingTradesWBalance"": 11.0, ""NumInstallTradesWBalance"": 1.0, ""NumBank2NatlTradesWHighUtilization"": 2.0, ""PercentTradesWBalance"": 86.0, ""MaxDelq2PublicRecLast12M"": ""Never Delinquent"", ""MaxDelqEver"": ""Never Delinquent""}"
discrete_recoursenet,562,1,1,"[{""feature"": ""AverageMInFile"", ""from"": 114.0, ""to"": 268.0}]","{""ExternalRiskEstimate"": 86.0, ""MSinceOldestTradeOpen"": 292.0, ""MSinceMostRecentTradeOpen"": 5.0, ""AverageMInFile"": 114.0, ""NumSatisfactoryTrades"": 20.000001907348633, ""NumTrades60Ever2DerogPubRec"": 0.0, ""NumTrades90Ever2DerogPubRec"": 0.0, ""PercentTradesNeverDelq"": 100.0, ""MSinceMostRecentDelq"": -7.0, ""NumTotalTrades"": 22.000001907348633, ""NumTradesOpeninLast12M"": 1.0, ""PercentInstallTrades"": 24.0, ""MSinceMostRecentInqexcl7days"": 6.0, ""NumInqLast6M"": 0.0, ""NumInqLast6Mexcl7days"": 0.0, ""NetFractionRevolvingBurden"": 6.0, ""NetFractionInstallBurden"": 12.0, ""NumRevolvingTradesWBalance"": 3.0, ""NumInstallTradesWBalance"": 1.0, ""NumBank2NatlTradesWHighUtilization"": 1.0, ""PercentTradesWBalance"": 57.0, ""MaxDelq2PublicRecLast12M"": ""Never Delinquent"", ""MaxDelqEver"": ""Never Delinquent""}","{""ExternalRiskEstimate"": 86.0, ""MSinceOldestTradeOpen"": 292.0, ""MSinceMostRecentTradeOpen"": 5.0, ""AverageMInFile"": 268.0, ""NumSatisfactoryTrades"": 20.000001907348633, ""NumTrades60Ever2DerogPubRec"": 0.0, ""NumTrades90Ever2DerogPubRec"": 0.0, ""PercentTradesNeverDelq"": 100.0, ""MSinceMostRecentDelq"": -7.0, ""NumTotalTrades"": 22.000001907348633, ""NumTradesOpeninLast12M"": 1.0, ""PercentInstallTrades"": 24.0, ""MSinceMostRecentInqexcl7days"": 6.0, ""NumInqLast6M"": 0.0, ""NumInqLast6Mexcl7days"": 0.0, ""NetFractionRevolvingBurden"": 6.0, ""NetFractionInstallBurden"": 12.0, ""NumRevolvingTradesWBalance"": 3.0, ""NumInstallTradesWBalance"": 1.0, ""NumBank2NatlTradesWHighUtilization"": 1.0, ""PercentTradesWBalance"": 57.0, ""MaxDelq2PublicRecLast12M"": ""Never Delinquent"", ""MaxDelqEver"": ""Never Delinquent""}"
discrete_recoursenet,85,1,1,"[{""feature"": ""AverageMInFile"", ""from"": 98.99999237060547, ""to"": 268.0}]","{""ExternalRiskEstimate"": 87.0, ""MSinceOldestTradeOpen"": 318.0, ""MSinceMostRecentTradeOpen"": 31.0, ""AverageMInFile"": 98.99999237060547, ""NumSatisfactoryTrades"": 12.0, ""NumTrades60Ever2DerogPubRec"": 0.0, ""NumTrades90Ever2DerogPubRec"": 0.0, ""PercentTradesNeverDelq"": 100.0, ""MSinceMostRecentDelq"": -7.0, ""NumTotalTrades"": 12.0, ""NumTradesOpeninLast12M"": 0.0, ""PercentInstallTrades"": 25.0, ""MSinceMostRecentInqexcl7days"": 0.0, ""NumInqLast6M"": 0.0, ""NumInqLast6Mexcl7days"": 0.0, ""NetFractionRevolvingBurden"": 0.0, ""NetFractionInstallBurden"": 52.0, ""NumRevolvingTradesWBalance"": 0.0, ""NumInstallTradesWBalance"": 2.0, ""NumBank2NatlTradesWHighUtilization"": 0.0, ""PercentTradesWBalance"": 25.0, ""MaxDelq2PublicRecLast12M"": ""Never Delinquent"", ""MaxDelqEver"": ""Never Delinquent""}","{""ExternalRiskEstimate"": 87.0, ""MSinceOldestTradeOpen"": 318.0, ""MSinceMostRecentTradeOpen"": 31.0, ""AverageMInFile"": 268.0, ""NumSatisfactoryTrades"": 12.0, ""NumTrades60Ever2DerogPubRec"": 0.0, ""NumTrades90Ever2DerogPubRec"": 0.0, ""PercentTradesNeverDelq"": 100.0, ""MSinceMostRecentDelq"": -7.0, ""NumTotalTrades"": 12.0, ""NumTradesOpeninLast12M"": 0.0, ""PercentInstallTrades"": 25.0, ""MSinceMostRecentInqexcl7days"": 0.0, ""NumInqLast6M"": 0.0, ""NumInqLast6Mexcl7days"": 0.0, ""NetFractionRevolvingBurden"": 0.0, ""NetFractionInstallBurden"": 52.0, ""NumRevolvingTradesWBalance"": 0.0, ""NumInstallTradesWBalance"": 2.0, ""NumBank2NatlTradesWHighUtilization"": 0.0, ""PercentTradesWBalance"": 25.0, ""MaxDelq2PublicRecLast12M"": ""Never Delinquent"", ""MaxDelqEver"": ""Never Delinquent""}"
discrete_recoursenet,34,1,1,"[{""feature"": ""AverageMInFile"", ""from"": 91.0, ""to"": 268.0}]","{""ExternalRiskEstimate"": 85.0, ""MSinceOldestTradeOpen"": 319.0, ""MSinceMostRecentTradeOpen"": 3.0, ""AverageMInFile"": 91.0, ""NumSatisfactoryTrades"": 15.0, ""NumTrades60Ever2DerogPubRec"": 0.0, ""NumTrades90Ever2DerogPubRec"": 0.0, ""PercentTradesNeverDelq"": 100.0, ""MSinceMostRecentDelq"": -7.0, ""NumTotalTrades"": 17.0, ""NumTradesOpeninLast12M"": 2.0, ""PercentInstallTrades"": 24.0, ""MSinceMostRecentInqexcl7days"": 0.0, ""NumInqLast6M"": 5.0, ""NumInqLast6Mexcl7days"": 5.0, ""NetFractionRevolvingBurden"": 3.0, ""NetFractionInstallBurden"": -8.0, ""NumRevolvingTradesWBalance"": 2.0, ""NumInstallTradesWBalance"": 1.0, ""NumBank2NatlTradesWHighUtilization"": 0.0, ""PercentTradesWBalance"": 49.999996185302734, ""MaxDelq2PublicRecLast12M"": ""Never Delinquent"", ""MaxDelqEver"": ""Never Delinquent""}","{""ExternalRiskEstimate"": 85.0, ""MSinceOldestTradeOpen"": 319.0, ""MSinceMostRecentTradeOpen"": 3.0, ""AverageMInFile"": 268.0, ""NumSatisfactoryTrades"": 15.0, ""NumTrades60Ever2DerogPubRec"": 0.0, ""NumTrades90Ever2DerogPubRec"": 0.0, ""PercentTradesNeverDelq"": 100.0, ""MSinceMostRecentDelq"": -7.0, ""NumTotalTrades"": 17.0, ""NumTradesOpeninLast12M"": 2.0, ""PercentInstallTrades"": 24.0, ""MSinceMostRecentInqexcl7days"": 0.0, ""NumInqLast6M"": 5.0, ""NumInqLast6Mexcl7days"": 5.0, ""NetFractionRevolvingBurden"": 3.0, ""NetFractionInstallBurden"": -8.0, ""NumRevolvingTradesWBalance"": 2.0, ""NumInstallTradesWBalance"": 1.0, ""NumBank2NatlTradesWHighUtilization"": 0.0, ""PercentTradesWBalance"": 49.999996185302734, ""MaxDelq2PublicRecLast12M"": ""Never Delinquent"", ""MaxDelqEver"": ""Never Delinquent""}"
discrete_recoursenet,642,1,1,"[{""feature"": ""AverageMInFile"", ""from"": 157.0, ""to"": 268.0}]","{""ExternalRiskEstimate"": 84.0, ""MSinceOldestTradeOpen"": 403.0000305175781, ""MSinceMostRecentTradeOpen"": 14.0, ""AverageMInFile"": 157.0, ""NumSatisfactoryTrades"": 26.0, ""NumTrades60Ever2DerogPubRec"": 0.0, ""NumTrades90Ever2DerogPubRec"": 0.0, ""PercentTradesNeverDelq"": 100.0, ""MSinceMostRecentDelq"": -7.0, ""NumTotalTrades"": 27.0, ""NumTradesOpeninLast12M"": 0.0, ""PercentInstallTrades"": 7.0, ""MSinceMostRecentInqexcl7days"": 13.0, ""NumInqLast6M"": 0.0, ""NumInqLast6Mexcl7days"": 0.0, ""NetFractionRevolvingBurden"": 3.0, ""NetFractionInstallBurden"": -8.0, ""NumRevolvingTradesWBalance"": 11.0, ""NumInstallTradesWBalance"": 1.0, ""NumBank2NatlTradesWHighUtilization"": 1.0, ""PercentTradesWBalance"": 75.0, ""MaxDelq2PublicRecLast12M"": ""Never Delinquent"", ""MaxDelqEver"": ""Never Delinquent""}","{""ExternalRiskEstimate"": 84.0, ""MSinceOldestTradeOpen"": 403.0000305175781, ""MSinceMostRecentTradeOpen"": 14.0, ""AverageMInFile"": 268.0, ""NumSatisfactoryTrades"": 26.0, ""NumTrades60Ever2DerogPubRec"": 0.0, ""NumTrades90Ever2DerogPubRec"": 0.0, ""PercentTradesNeverDelq"": 100.0, ""MSinceMostRecentDelq"": -7.0, ""NumTotalTrades"": 27.0, ""NumTradesOpeninLast12M"": 0.0, ""PercentInstallTrades"": 7.0, ""MSinceMostRecentInqexcl7days"": 13.0, ""NumInqLast6M"": 0.0, ""NumInqLast6Mexcl7days"": 0.0, ""NetFractionRevolvingBurden"": 3.0, ""NetFractionInstallBurden"": -8.0, ""NumRevolvingTradesWBalance"": 11.0, ""NumInstallTradesWBalance"": 1.0, ""NumBank2NatlTradesWHighUtilization"": 1.0, ""PercentTradesWBalance"": 75.0, ""MaxDelq2PublicRecLast12M"": ""Never Delinquent"", ""MaxDelqEver"": ""Never Delinquent""}"
discrete_recoursenet,366,1,1,"[{""feature"": ""AverageMInFile"", ""from"": 46.0, ""to"": 268.0}]","{""ExternalRiskEstimate"": 72.0, ""MSinceOldestTradeOpen"": 365.0, ""MSinceMostRecentTradeOpen"": 1.0, ""AverageMInFile"": 46.0, ""NumSatisfactoryTrades"": 21.0, ""NumTrades60Ever2DerogPubRec"": 0.0, ""NumTrades90Ever2DerogPubRec"": 0.0, ""PercentTradesNeverDelq"": 95.0, ""MSinceMostRecentDelq"": 53.000003814697266, ""NumTotalTrades"": 40.0, ""NumTradesOpeninLast12M"": 3.0, ""PercentInstallTrades"": 9.0, ""MSinceMostRecentInqexcl7days"": 11.0, ""NumInqLast6M"": 0.0, ""NumInqLast6Mexcl7days"": 0.0, ""NetFractionRevolvingBurden"": 20.000001907348633, ""NetFractionInstallBurden"": -8.0, ""NumRevolvingTradesWBalance"": 7.0, ""NumInstallTradesWBalance"": 1.0, ""NumBank2NatlTradesWHighUtilization"": 1.0, ""PercentTradesWBalance"": 56.0, ""MaxDelq2PublicRecLast12M"": NaN, ""MaxDelqEver"": ""30 Days Delinquent""}","{""ExternalRiskEstimate"": 72.0, ""MSinceOldestTradeOpen"": 365.0, ""MSinceMostRecentTradeOpen"": 1.0, ""AverageMInFile"": 268.0, ""NumSatisfactoryTrades"": 21.0, ""NumTrades60Ever2DerogPubRec"": 0.0, ""NumTrades90Ever2DerogPubRec"": 0.0, ""PercentTradesNeverDelq"": 95.0, ""MSinceMostRecentDelq"": 53.000003814697266, ""NumTotalTrades"": 40.0, ""NumTradesOpeninLast12M"": 3.0, ""PercentInstallTrades"": 9.0, ""MSinceMostRecentInqexcl7days"": 11.0, ""NumInqLast6M"": 0.0, ""NumInqLast6Mexcl7days"": 0.0, ""NetFractionRevolvingBurden"": 20.000001907348633, ""NetFractionInstallBurden"": -8.0, ""NumRevolvingTradesWBalance"": 7.0, ""NumInstallTradesWBalance"": 1.0, ""NumBank2NatlTradesWHighUtilization"": 1.0, ""PercentTradesWBalance"": 56.0, ""MaxDelq2PublicRecLast12M"": NaN, ""MaxDelqEver"": ""30 Days Delinquent""}"
discrete_recoursenet,157,1,1,"[{""feature"": ""AverageMInFile"", ""from"": 83.0, ""to"": 268.0}]","{""ExternalRiskEstimate"": 73.0, ""MSinceOldestTradeOpen"": 188.0, ""MSinceMostRecentTradeOpen"": 4.0, ""AverageMInFile"": 83.0, ""NumSatisfactoryTrades"": 31.0, ""NumTrades60Ever2DerogPubRec"": 0.0, ""NumTrades90Ever2DerogPubRec"": 0.0, ""PercentTradesNeverDelq"": 100.0, ""MSinceMostRecentDelq"": -7.0, ""NumTotalTrades"": 32.0, ""NumTradesOpeninLast12M"": 2.0, ""PercentInstallTrades"": 42.0, ""MSinceMostRecentInqexcl7days"": 7.0, ""NumInqLast6M"": 1.0, ""NumInqLast6Mexcl7days"": 0.0, ""NetFractionRevolvingBurden"": 37.0, ""NetFractionInstallBurden"": 85.0, ""NumRevolvingTradesWBalance"": 2.0, ""NumInstallTradesWBalance"": 4.0, ""NumBank2NatlTradesWHighUtilization"": 2.0, ""PercentTradesWBalance"": 75.0, ""MaxDelq2PublicRecLast12M"": ""Never Delinquent"", ""MaxDelqEver"": ""Never Delinquent""}","{""ExternalRiskEstimate"": 73.0, ""MSinceOldestTradeOpen"": 188.0, ""MSinceMostRecentTradeOpen"": 4.0, ""AverageMInFile"": 268.0, ""NumSatisfactoryTrades"": 31.0, ""NumTrades60Ever2DerogPubRec"": 0.0, ""NumTrades90Ever2DerogPubRec"": 0.0, ""PercentTradesNeverDelq"": 100.0, ""MSinceMostRecentDelq"": -7.0, ""NumTotalTrades"": 32.0, ""NumTradesOpeninLast12M"": 2.0, ""PercentInstallTrades"": 42.0, ""MSinceMostRecentInqexcl7days"": 7.0, ""NumInqLast6M"": 1.0, ""NumInqLast6Mexcl7days"": 0.0, ""NetFractionRevolvingBurden"": 37.0, ""NetFractionInstallBurden"": 85.0, ""NumRevolvingTradesWBalance"": 2.0, ""NumInstallTradesWBalance"": 4.0, ""NumBank2NatlTradesWHighUtilization"": 2.0, ""PercentTradesWBalance"": 75.0, ""MaxDelq2PublicRecLast12M"": ""Never Delinquent"", ""MaxDelqEver"": ""Never Delinquent""}"
counternet_projection,1771,0,0,"[{""feature"": ""MSinceMostRecentTradeOpen"", ""from"": 5.0, ""to"": 0.0}, {""feature"": ""AverageMInFile"", ""from"": 17.999998092651367, ""to"": 97.0}, {""feature"": ""NumSatisfactoryTrades"", ""from"": 12.0, ""to"": 28.0}, {""feature"": ""MSinceMostRecentDelq"", ""from"": -7.0, ""to"": 12.0}, {""feature"": ""NumTotalTrades"", ""from"": 12.0, ""to"": 28.0}, {""feature"": ""PercentInstallTrades"", ""from"": 49.999996185302734, ""to"": 28.0}, {""feature"": ""MSinceMostRecentInqexcl7days"", ""from"": 0.0, ""to"": 24.0}, {""feature"": ""NumInqLast6M"", ""from"": 1.0, ""to"": 0.0}, {""feature"": ""NumInqLast6Mexcl7days"", ""from"": 1.0, ""to"": 0.0}, {""feature"": ""NetFractionRevolvingBurden"", ""from"": 95.99999237060547, ""to"": 86.99999237060547}, {""feature"": ""NetFractionInstallBurden"", ""from"": 68.0, ""to"": 62.0}, {""feature"": ""NumRevolvingTradesWBalance"", ""from"": 5.0, ""to"": 0.0}, {""feature"": ""NumBank2NatlTradesWHighUtilization"", ""from"": 4.0, ""to"": 1.0}, {""feature"": ""PercentTradesWBalance"", ""from"": 91.0, ""to"": 74.0}, {""feature"": ""MaxDelq2PublicRecLast12M"", ""from"": ""Never Delinquent"", ""to"": ""30 Days Delinquent""}, {""feature"": ""MaxDelqEver"", ""from"": ""Never Delinquent"", ""to"": ""30 Days Delinquent""}]","{""ExternalRiskEstimate"": 58.0, ""MSinceOldestTradeOpen"": 33.0, ""MSinceMostRecentTradeOpen"": 5.0, ""AverageMInFile"": 17.999998092651367, ""NumSatisfactoryTrades"": 12.0, ""NumTrades60Ever2DerogPubRec"": 0.0, ""NumTrades90Ever2DerogPubRec"": 0.0, ""PercentTradesNeverDelq"": 100.0, ""MSinceMostRecentDelq"": -7.0, ""NumTotalTrades"": 12.0, ""NumTradesOpeninLast12M"": 4.0, ""PercentInstallTrades"": 49.999996185302734, ""MSinceMostRecentInqexcl7days"": 0.0, ""NumInqLast6M"": 1.0, ""NumInqLast6Mexcl7days"": 1.0, ""NetFractionRevolvingBurden"": 95.99999237060547, ""NetFractionInstallBurden"": 68.0, ""NumRevolvingTradesWBalance"": 5.0, ""NumInstallTradesWBalance"": 5.0, ""NumBank2NatlTradesWHighUtilization"": 4.0, ""PercentTradesWBalance"": 91.0, ""MaxDelq2PublicRecLast12M"": ""Never Delinquent"", ""MaxDelqEver"": ""Never Delinquent""}","{""ExternalRiskEstimate"": 58.0, ""MSinceOldestTradeOpen"": 33.0, ""MSinceMostRecentTradeOpen"": 0.0, ""AverageMInFile"": 97.0, ""NumSatisfactoryTrades"": 28.0, ""NumTrades60Ever2DerogPubRec"": 0.0, ""NumTrades90Ever2DerogPubRec"": 0.0, ""PercentTradesNeverDelq"": 100.0, ""MSinceMostRecentDelq"": 12.0, ""NumTotalTrades"": 28.0, ""NumTradesOpeninLast12M"": 4.0, ""PercentInstallTrades"": 28.0, ""MSinceMostRecentInqexcl7days"": 24.0, ""NumInqLast6M"": 0.0, ""NumInqLast6Mexcl7days"": 0.0, ""NetFractionRevolvingBurden"": 86.99999237060547, ""NetFractionInstallBurden"": 62.0, ""NumRevolvingTradesWBalance"": 0.0, ""NumInstallTradesWBalance"": 5.0, ""NumBank2NatlTradesWHighUtilization"": 1.0, ""PercentTradesWBalance"": 74.0, ""MaxDelq2PublicRecLast12M"": ""30 Days Delinquent"", ""MaxDelqEver"": ""30 Days Delinquent""}"
counternet_projection,1701,1,1,"[{""feature"": ""MSinceMostRecentTradeOpen"", ""from"": 36.0, ""to"": 17.999998092651367}, {""feature"": ""AverageMInFile"", ""from"": 143.0, ""to"": 127.0}, {""feature"": ""NumSatisfactoryTrades"", ""from"": 13.0, ""to"": 33.0}, {""feature"": ""MSinceMostRecentDelq"", ""from"": -7.0, ""to"": 4.0}, {""feature"": ""NumTotalTrades"", ""from"": 2.0, ""to"": 22.000001907348633}, {""feature"": ""PercentInstallTrades"", ""from"": 8.0, ""to"": 6.0}, {""feature"": ""NetFractionInstallBurden"", ""from"": -8.0, ""to"": 14.0}, {""feature"": ""NumRevolvingTradesWBalance"", ""from"": 2.0, ""to"": 0.0}, {""feature"": ""NumInstallTradesWBalance"", ""from"": -8.0, ""to"": 1.0}]","{""ExternalRiskEstimate"": 91.0, ""MSinceOldestTradeOpen"": 132.0, ""MSinceMostRecentTradeOpen"": 36.0, ""AverageMInFile"": 143.0, ""NumSatisfactoryTrades"": 13.0, ""NumTrades60Ever2DerogPubRec"": 0.0, ""NumTrades90Ever2DerogPubRec"": 0.0, ""PercentTradesNeverDelq"": 100.0, ""MSinceMostRecentDelq"": -7.0, ""NumTotalTrades"": 2.0, ""NumTradesOpeninLast12M"": 0.0, ""PercentInstallTrades"": 8.0, ""MSinceMostRecentInqexcl7days"": 21.0, ""NumInqLast6M"": 0.0, ""NumInqLast6Mexcl7days"": 0.0, ""NetFractionRevolvingBurden"": 9.0, ""NetFractionInstallBurden"": -8.0, ""NumRevolvingTradesWBalance"": 2.0, ""NumInstallTradesWBalance"": -8.0, ""NumBank2NatlTradesWHighUtilization"": 0.0, ""PercentTradesWBalance"": 22.000001907348633, ""MaxDelq2PublicRecLast12M"": ""Never Delinquent"", ""MaxDelqEver"": ""Never Delinquent""}","{""ExternalRiskEstimate"": 91.0, ""MSinceOldestTradeOpen"": 132.0, ""MSinceMostRecentTradeOpen"": 17.999998092651367, ""AverageMInFile"": 127.0, ""NumSatisfactoryTrades"": 33.0, ""NumTrades60Ever2DerogPubRec"": 0.0, ""NumTrades90Ever2DerogPubRec"": 0.0, ""PercentTradesNeverDelq"": 100.0, ""MSinceMostRecentDelq"": 4.0, ""NumTotalTrades"": 22.000001907348633, ""NumTradesOpeninLast12M"": 0.0, ""PercentInstallTrades"": 6.0, ""MSinceMostRecentInqexcl7days"": 21.0, ""NumInqLast6M"": 0.0, ""NumInqLast6Mexcl7days"": 0.0, ""NetFractionRevolvingBurden"": 9.0, ""NetFractionInstallBurden"": 14.0, ""NumRevolvingTradesWBalance"": 0.0, ""NumInstallTradesWBalance"": 1.0, ""NumBank2NatlTradesWHighUtilization"": 0.0, ""PercentTradesWBalance"": 22.000001907348633, ""MaxDelq2PublicRecLast12M"": ""Never Delinquent"", ""MaxDelqEver"": ""Never Delinquent""}"
counternet_projection,1327,0,1,"[{""feature"": ""MSinceMostRecentTradeOpen"", ""from"": 3.0, ""to"": 0.0}, {""feature"": ""AverageMInFile"", ""from"": 62.0, ""to"": 94.00000762939453}, {""feature"": ""NumSatisfactoryTrades"", ""from"": 16.0, ""to"": 22.000001907348633}, {""feature"": ""PercentTradesNeverDelq"", ""from"": 72.0, ""to"": 86.0}, {""feature"": ""NumTotalTrades"", ""from"": 20.000001907348633, ""to"": 26.0}, {""feature"": ""PercentInstallTrades"", ""from"": 44.0, ""to"": 24.0}, {""feature"": ""MSinceMostRecentInqexcl7days"", ""from"": -7.0, ""to"": 24.0}, {""feature"": ""NumInqLast6M"", ""from"": 2.0, ""to"": 0.0}, {""feature"": ""NumInqLast6Mexcl7days"", ""from"": 2.0, ""to"": 0.0}, {""feature"": ""NetFractionRevolvingBurden"", ""from"": 66.0, ""to"": 60.0}, {""feature"": ""NetFractionInstallBurden"", ""from"": 89.0, ""to"": 58.0}, {""feature"": ""NumRevolvingTradesWBalance"", ""from"": 3.0, ""to"": 0.0}, {""feature"": ""NumBank2NatlTradesWHighUtilization"", ""from"": 2.0, ""to"": 9.5367431640625e-07}, {""feature"": ""PercentTradesWBalance"", ""from"": 73.0, ""to"": 64.0}, {""feature"": ""MaxDelqEver"", ""from"": ""60 Days Delinquent"", ""to"": ""30 Days Delinquent""}]","{""ExternalRiskEstimate"": 63.0, ""MSinceOldestTradeOpen"": 211.99998474121094, ""MSinceMostRecentTradeOpen"": 3.0, ""AverageMInFile"": 62.0, ""NumSatisfactoryTrades"": 16.0, ""NumTrades60Ever2DerogPubRec"": 2.0, ""NumTrades90Ever2DerogPubRec"": 0.0, ""PercentTradesNeverDelq"": 72.0, ""MSinceMostRecentDelq"": 12.0, ""NumTotalTrades"": 20.000001907348633, ""NumTradesOpeninLast12M"": 1.0, ""PercentInstallTrades"": 44.0, ""MSinceMostRecentInqexcl7days"": -7.0, ""NumInqLast6M"": 2.0, ""NumInqLast6Mexcl7days"": 2.0, ""NetFractionRevolvingBurden"": 66.0, ""NetFractionInstallBurden"": 89.0, ""NumRevolvingTradesWBalance"": 3.0, ""NumInstallTradesWBalance"": 5.0, ""NumBank2NatlTradesWHighUtilization"": 2.0, ""PercentTradesWBalance"": 73.0, ""MaxDelq2PublicRecLast12M"": NaN, ""MaxDelqEver"": ""60 Days Delinquent""}","{""ExternalRiskEstimate"": 63.0, ""MSinceOldestTradeOpen"": 211.99998474121094, ""MSinceMostRecentTradeOpen"": 0.0, ""AverageMInFile"": 94.00000762939453, ""NumSatisfactoryTrades"": 22.000001907348633, ""NumTrades60Ever2DerogPubRec"": 2.0, ""NumTrades90Ever2DerogPubRec"": 0.0, ""PercentTradesNeverDelq"": 86.0, ""MSinceMostRecentDelq"": 12.0, ""NumTotalTrades"": 26.0, ""NumTradesOpeninLast12M"": 1.0, ""PercentInstallTrades"": 24.0, ""MSinceMostRecentInqexcl7days"": 24.0, ""NumInqLast6M"": 0.0, ""NumInqLast6Mexcl7days"": 0.0, ""NetFractionRevolvingBurden"": 60.0, ""NetFractionInstallBurden"": 58.0, ""NumRevolvingTradesWBalance"": 0.0, ""NumInstallTradesWBalance"": 5.0, ""NumBank2NatlTradesWHighUtilization"": 9.5367431640625e-07, ""PercentTradesWBalance"": 64.0, ""MaxDelq2PublicRecLast12M"": NaN, ""MaxDelqEver"": ""30 Days Delinquent""}"
counternet_projection,1065,0,1,"[{""feature"": ""MSinceMostRecentTradeOpen"", ""from"": 11.0, ""to"": 0.0}, {""feature"": ""AverageMInFile"", ""from"": 49.999996185302734, ""to"": 94.00000762939453}, {""feature"": ""PercentInstallTrades"", ""from"": 15.0, ""to"": 24.0}, {""feature"": ""MSinceMostRecentInqexcl7days"", ""from"": 1.0, ""to"": 24.0}, {""feature"": ""NumInqLast6M"", ""from"": 2.0, ""to"": 0.0}, {""feature"": ""NumInqLast6Mexcl7days"", ""from"": 2.0, ""to"": 0.0}, {""feature"": ""NetFractionInstallBurden"", ""from"": 83.0, ""to"": 58.0}, {""feature"": ""NumRevolvingTradesWBalance"", ""from"": 11.0, ""to"": 0.0}, {""feature"": ""PercentTradesWBalance"", ""from"": 86.0, ""to"": 64.0}]","{""ExternalRiskEstimate"": 59.0, ""MSinceOldestTradeOpen"": 90.0, ""MSinceMostRecentTradeOpen"": 11.0, ""AverageMInFile"": 49.999996185302734, ""NumSatisfactoryTrades"": 27.0, ""NumTrades60Ever2DerogPubRec"": 0.0, ""NumTrades90Ever2DerogPubRec"": 0.0, ""PercentTradesNeverDelq"": 95.99999237060547, ""MSinceMostRecentDelq"": 76.0, ""NumTotalTrades"": 27.0, ""NumTradesOpeninLast12M"": 1.0, ""PercentInstallTrades"": 15.0, ""MSinceMostRecentInqexcl7days"": 1.0, ""NumInqLast6M"": 2.0, ""NumInqLast6Mexcl7days"": 2.0, ""NetFractionRevolvingBurden"": 68.0, ""NetFractionInstallBurden"": 83.0, ""NumRevolvingTradesWBalance"": 11.0, ""NumInstallTradesWBalance"": 1.0, ""NumBank2NatlTradesWHighUtilization"": 2.0, ""PercentTradesWBalance"": 86.0, ""MaxDelq2PublicRecLast12M"": NaN, ""MaxDelqEver"": ""30 Days Delinquent""}","{""ExternalRiskEstimate"": 59.0, ""MSinceOldestTradeOpen"": 90.0, ""MSinceMostRecentTradeOpen"": 0.0, ""AverageMInFile"": 94.00000762939453, ""NumSatisfactoryTrades"": 27.0, ""NumTrades60Ever2DerogPubRec"": 0.0, ""NumTrades90Ever2DerogPubRec"": 0.0, ""PercentTradesNeverDelq"": 95.99999237060547, ""MSinceMostRecentDelq"": 76.0, ""NumTotalTrades"": 27.0, ""NumTradesOpeninLast12M"": 1.0, ""PercentInstallTrades"": 24.0, ""MSinceMostRecentInqexcl7days"": 24.0, ""NumInqLast6M"": 0.0, ""NumInqLast6Mexcl7days"": 0.0, ""NetFractionRevolvingBurden"": 68.0, ""NetFractionInstallBurden"": 58.0, ""NumRevolvingTradesWBalance"": 0.0, ""NumInstallTradesWBalance"": 1.0, ""NumBank2NatlTradesWHighUtilization"": 2.0, ""PercentTradesWBalance"": 64.0, ""MaxDelq2PublicRecLast12M"": NaN, ""MaxDelqEver"": ""30 Days Delinquent""}"
counternet_projection,562,1,1,"[{""feature"": ""MSinceMostRecentTradeOpen"", ""from"": 5.0, ""to"": 14.0}, {""feature"": ""AverageMInFile"", ""from"": 114.0, ""to"": 121.0}, {""feature"": ""NumSatisfactoryTrades"", ""from"": 20.000001907348633, ""to"": 26.0}, {""feature"": ""MSinceMostRecentDelq"", ""from"": -7.0, ""to"": 4.0}, {""feature"": ""NumTotalTrades"", ""from"": 22.000001907348633, ""to"": 28.0}, {""feature"": ""PercentInstallTrades"", ""from"": 24.0, ""to"": 10.0}, {""feature"": ""MSinceMostRecentInqexcl7days"", ""from"": 6.0, ""to"": 24.0}, {""feature"": ""NetFractionRevolvingBurden"", ""from"": 6.0, ""to"": 3.0}, {""feature"": ""NumRevolvingTradesWBalance"", ""from"": 3.0, ""to"": 0.0}, {""feature"": ""NumBank2NatlTradesWHighUtilization"", ""from"": 1.0, ""to"": 0.0}, {""feature"": ""PercentTradesWBalance"", ""from"": 57.0, ""to"": 42.0}]","{""ExternalRiskEstimate"": 86.0, ""MSinceOldestTradeOpen"": 292.0, ""MSinceMostRecentTradeOpen"": 5.0, ""AverageMInFile"": 114.0, ""NumSatisfactoryTrades"": 20.000001907348633, ""NumTrades60Ever2DerogPubRec"": 0.0, ""NumTrades90Ever2DerogPubRec"": 0.0, ""PercentTradesNeverDelq"": 100.0, ""MSinceMostRecentDelq"": -7.0, ""NumTotalTrades"": 22.000001907348633, ""NumTradesOpeninLast12M"": 1.0, ""PercentInstallTrades"": 24.0, ""MSinceMostRecentInqexcl7days"": 6.0, ""NumInqLast6M"": 0.0, ""NumInqLast6Mexcl7days"": 0.0, ""NetFractionRevolvingBurden"": 6.0, ""NetFractionInstallBurden"": 12.0, ""NumRevolvingTradesWBalance"": 3.0, ""NumInstallTradesWBalance"": 1.0, ""NumBank2NatlTradesWHighUtilization"": 1.0, ""PercentTradesWBalance"": 57.0, ""MaxDelq2PublicRecLast12M"": ""Never Delinquent"", ""MaxDelqEver"": ""Never Delinquent""}","{""ExternalRiskEstimate"": 86.0, ""MSinceOldestTradeOpen"": 292.0, ""MSinceMostRecentTradeOpen"": 14.0, ""AverageMInFile"": 121.0, ""NumSatisfactoryTrades"": 26.0, ""NumTrades60Ever2DerogPubRec"": 0.0, ""NumTrades90Ever2DerogPubRec"": 0.0, ""PercentTradesNeverDelq"": 100.0, ""MSinceMostRecentDelq"": 4.0, ""NumTotalTrades"": 28.0, ""NumTradesOpeninLast12M"": 1.0, ""PercentInstallTrades"": 10.0, ""MSinceMostRecentInqexcl7days"": 24.0, ""NumInqLast6M"": 0.0, ""NumInqLast6Mexcl7days"": 0.0, ""NetFractionRevolvingBurden"": 3.0, ""NetFractionInstallBurden"": 12.0, ""NumRevolvingTradesWBalance"": 0.0, ""NumInstallTradesWBalance"": 1.0, ""NumBank2NatlTradesWHighUtilization"": 0.0, ""PercentTradesWBalance"": 42.0, ""MaxDelq2PublicRecLast12M"": ""Never Delinquent"", ""MaxDelqEver"": ""Never Delinquent""}"
counternet_projection,85,1,1,"[{""feature"": ""MSinceMostRecentTradeOpen"", ""from"": 31.0, ""to"": 10.0}, {""feature"": ""AverageMInFile"", ""from"": 98.99999237060547, ""to"": 115.00000762939453}, {""feature"": ""NumSatisfactoryTrades"", ""from"": 12.0, ""to"": 25.0}, {""feature"": ""MSinceMostRecentDelq"", ""from"": -7.0, ""to"": 4.0}, {""feature"": ""NumTotalTrades"", ""from"": 12.0, ""to"": 25.0}, {""feature"": ""PercentInstallTrades"", ""from"": 25.0, ""to"": 12.0}, {""feature"": ""MSinceMostRecentInqexcl7days"", ""from"": 0.0, ""to"": 24.0}, {""feature"": ""NetFractionInstallBurden"", ""from"": 52.0, ""to"": 26.0}, {""feature"": ""NumInstallTradesWBalance"", ""from"": 2.0, ""to"": 1.0}]","{""ExternalRiskEstimate"": 87.0, ""MSinceOldestTradeOpen"": 318.0, ""MSinceMostRecentTradeOpen"": 31.0, ""AverageMInFile"": 98.99999237060547, ""NumSatisfactoryTrades"": 12.0, ""NumTrades60Ever2DerogPubRec"": 0.0, ""NumTrades90Ever2DerogPubRec"": 0.0, ""PercentTradesNeverDelq"": 100.0, ""MSinceMostRecentDelq"": -7.0, ""NumTotalTrades"": 12.0, ""NumTradesOpeninLast12M"": 0.0, ""PercentInstallTrades"": 25.0, ""MSinceMostRecentInqexcl7days"": 0.0, ""NumInqLast6M"": 0.0, ""NumInqLast6Mexcl7days"": 0.0, ""NetFractionRevolvingBurden"": 0.0, ""NetFractionInstallBurden"": 52.0, ""NumRevolvingTradesWBalance"": 0.0, ""NumInstallTradesWBalance"": 2.0, ""NumBank2NatlTradesWHighUtilization"": 0.0, ""PercentTradesWBalance"": 25.0, ""MaxDelq2PublicRecLast12M"": ""Never Delinquent"", ""MaxDelqEver"": ""Never Delinquent""}","{""ExternalRiskEstimate"": 87.0, ""MSinceOldestTradeOpen"": 318.0, ""MSinceMostRecentTradeOpen"": 10.0, ""AverageMInFile"": 115.00000762939453, ""NumSatisfactoryTrades"": 25.0, ""NumTrades60Ever2DerogPubRec"": 0.0, ""NumTrades90Ever2DerogPubRec"": 0.0, ""PercentTradesNeverDelq"": 100.0, ""MSinceMostRecentDelq"": 4.0, ""NumTotalTrades"": 25.0, ""NumTradesOpeninLast12M"": 0.0, ""PercentInstallTrades"": 12.0, ""MSinceMostRecentInqexcl7days"": 24.0, ""NumInqLast6M"": 0.0, ""NumInqLast6Mexcl7days"": 0.0, ""NetFractionRevolvingBurden"": 0.0, ""NetFractionInstallBurden"": 26.0, ""NumRevolvingTradesWBalance"": 0.0, ""NumInstallTradesWBalance"": 1.0, ""NumBank2NatlTradesWHighUtilization"": 0.0, ""PercentTradesWBalance"": 25.0, ""MaxDelq2PublicRecLast12M"": ""Never Delinquent"", ""MaxDelqEver"": ""Never Delinquent""}"
counternet_projection,34,1,1,"[{""feature"": ""MSinceMostRecentTradeOpen"", ""from"": 3.0, ""to"": 7.0}, {""feature"": ""AverageMInFile"", ""from"": 91.0, ""to"": 111.99999237060547}, {""feature"": ""NumSatisfactoryTrades"", ""from"": 15.0, ""to"": 24.0}, {""feature"": ""MSinceMostRecentDelq"", ""from"": -7.0, ""to"": 4.0}, {""feature"": ""NumTotalTrades"", ""from"": 17.0, ""to"": 26.0}, {""feature"": ""PercentInstallTrades"", ""from"": 24.0, ""to"": 12.0}, {""feature"": ""MSinceMostRecentInqexcl7days"", ""from"": 0.0, ""to"": 24.0}, {""feature"": ""NumInqLast6M"", ""from"": 5.0, ""to"": 0.0}, {""feature"": ""NumInqLast6Mexcl7days"", ""from"": 5.0, ""to"": 0.0}, {""feature"": ""NetFractionInstallBurden"", ""from"": -8.0, ""to"": 30.0}, {""feature"": ""NumRevolvingTradesWBalance"", ""from"": 2.0, ""to"": 0.0}, {""feature"": ""PercentTradesWBalance"", ""from"": 49.999996185302734, ""to"": 46.0}]","{""ExternalRiskEstimate"": 85.0, ""MSinceOldestTradeOpen"": 319.0, ""MSinceMostRecentTradeOpen"": 3.0, ""AverageMInFile"": 91.0, ""NumSatisfactoryTrades"": 15.0, ""NumTrades60Ever2DerogPubRec"": 0.0, ""NumTrades90Ever2DerogPubRec"": 0.0, ""PercentTradesNeverDelq"": 100.0, ""MSinceMostRecentDelq"": -7.0, ""NumTotalTrades"": 17.0, ""NumTradesOpeninLast12M"": 2.0, ""PercentInstallTrades"": 24.0, ""MSinceMostRecentInqexcl7days"": 0.0, ""NumInqLast6M"": 5.0, ""NumInqLast6Mexcl7days"": 5.0, ""NetFractionRevolvingBurden"": 3.0, ""NetFractionInstallBurden"": -8.0, ""NumRevolvingTradesWBalance"": 2.0, ""NumInstallTradesWBalance"": 1.0, ""NumBank2NatlTradesWHighUtilization"": 0.0, ""PercentTradesWBalance"": 49.999996185302734, ""MaxDelq2PublicRecLast12M"": ""Never Delinquent"", ""MaxDelqEver"": ""Never Delinquent""}","{""ExternalRiskEstimate"": 85.0, ""MSinceOldestTradeOpen"": 319.0, ""MSinceMostRecentTradeOpen"": 7.0, ""AverageMInFile"": 111.99999237060547, ""NumSatisfactoryTrades"": 24.0, ""NumTrades60Ever2DerogPubRec"": 0.0, ""NumTrades90Ever2DerogPubRec"": 0.0, ""PercentTradesNeverDelq"": 100.0, ""MSinceMostRecentDelq"": 4.0, ""NumTotalTrades"": 26.0, ""NumTradesOpeninLast12M"": 2.0, ""PercentInstallTrades"": 12.0, ""MSinceMostRecentInqexcl7days"": 24.0, ""NumInqLast6M"": 0.0, ""NumInqLast6Mexcl7days"": 0.0, ""NetFractionRevolvingBurden"": 3.0, ""NetFractionInstallBurden"": 30.0, ""NumRevolvingTradesWBalance"": 0.0, ""NumInstallTradesWBalance"": 1.0, ""NumBank2NatlTradesWHighUtilization"": 0.0, ""PercentTradesWBalance"": 46.0, ""MaxDelq2PublicRecLast12M"": ""Never Delinquent"", ""MaxDelqEver"": ""Never Delinquent""}"
counternet_projection,642,1,1,"[{""feature"": ""MSinceMostRecentTradeOpen"", ""from"": 14.0, ""to"": 19.0}, {""feature"": ""AverageMInFile"", ""from"": 157.0, ""to"": 127.0}, {""feature"": ""NumSatisfactoryTrades"", ""from"": 26.0, ""to"": 28.0}, {""feature"": ""MSinceMostRecentDelq"", ""from"": -7.0, ""to"": 4.0}, {""feature"": ""NumTotalTrades"", ""from"": 27.0, ""to"": 29.0}, {""feature"": ""PercentInstallTrades"", ""from"": 7.0, ""to"": 6.0}, {""feature"": ""MSinceMostRecentInqexcl7days"", ""from"": 13.0, ""to"": 19.0}, {""feature"": ""NetFractionInstallBurden"", ""from"": -8.0, ""to"": 12.0}, {""feature"": ""NumRevolvingTradesWBalance"", ""from"": 11.0, ""to"": 0.0}, {""feature"": ""PercentTradesWBalance"", ""from"": 75.0, ""to"": 38.0}]","{""ExternalRiskEstimate"": 84.0, ""MSinceOldestTradeOpen"": 403.0000305175781, ""MSinceMostRecentTradeOpen"": 14.0, ""AverageMInFile"": 157.0, ""NumSatisfactoryTrades"": 26.0, ""NumTrades60Ever2DerogPubRec"": 0.0, ""NumTrades90Ever2DerogPubRec"": 0.0, ""PercentTradesNeverDelq"": 100.0, ""MSinceMostRecentDelq"": -7.0, ""NumTotalTrades"": 27.0, ""NumTradesOpeninLast12M"": 0.0, ""PercentInstallTrades"": 7.0, ""MSinceMostRecentInqexcl7days"": 13.0, ""NumInqLast6M"": 0.0, ""NumInqLast6Mexcl7days"": 0.0, ""NetFractionRevolvingBurden"": 3.0, ""NetFractionInstallBurden"": -8.0, ""NumRevolvingTradesWBalance"": 11.0, ""NumInstallTradesWBalance"": 1.0, ""NumBank2NatlTradesWHighUtilization"": 1.0, ""PercentTradesWBalance"": 75.0, ""MaxDelq2PublicRecLast12M"": ""Never Delinquent"", ""MaxDelqEver"": ""Never Delinquent""}","{""ExternalRiskEstimate"": 84.0, ""MSinceOldestTradeOpen"": 403.0000305175781, ""MSinceMostRecentTradeOpen"": 19.0, ""AverageMInFile"": 127.0, ""NumSatisfactoryTrades"": 28.0, ""NumTrades60Ever2DerogPubRec"": 0.0, ""NumTrades90Ever2DerogPubRec"": 0.0, ""PercentTradesNeverDelq"": 100.0, ""MSinceMostRecentDelq"": 4.0, ""NumTotalTrades"": 29.0, ""NumTradesOpeninLast12M"": 0.0, ""PercentInstallTrades"": 6.0, ""MSinceMostRecentInqexcl7days"": 19.0, ""NumInqLast6M"": 0.0, ""NumInqLast6Mexcl7days"": 0.0, ""NetFractionRevolvingBurden"": 3.0, ""NetFractionInstallBurden"": 12.0, ""NumRevolvingTradesWBalance"": 0.0, ""NumInstallTradesWBalance"": 1.0, ""NumBank2NatlTradesWHighUtilization"": 1.0, ""PercentTradesWBalance"": 38.0, ""MaxDelq2PublicRecLast12M"": ""Never Delinquent"", ""MaxDelqEver"": ""Never Delinquent""}"
counternet_projection,366,1,1,"[{""feature"": ""MSinceMostRecentTradeOpen"", ""from"": 1.0, ""to"": 2.0}, {""feature"": ""AverageMInFile"", ""from"": 46.0, ""to"": 106.0}, {""feature"": ""PercentInstallTrades"", ""from"": 9.0, ""to"": 16.0}, {""feature"": ""MSinceMostRecentInqexcl7days"", ""from"": 11.0, ""to"": 24.0}, {""feature"": ""NetFractionInstallBurden"", ""from"": -8.0, ""to"": 38.0}, {""feature"": ""NumRevolvingTradesWBalance"", ""from"": 7.0, ""to"": 0.0}, {""feature"": ""PercentTradesWBalance"", ""from"": 56.0, ""to"": 48.0}, {""feature"": ""MaxDelq2PublicRecLast12M"", ""from"": NaN, ""to"": ""Never Delinquent""}, {""feature"": ""MaxDelqEver"", ""from"": ""30 Days Delinquent"", ""to"": ""Never Delinquent""}]","{""ExternalRiskEstimate"": 72.0, ""MSinceOldestTradeOpen"": 365.0, ""MSinceMostRecentTradeOpen"": 1.0, ""AverageMInFile"": 46.0, ""NumSatisfactoryTrades"": 21.0, ""NumTrades60Ever2DerogPubRec"": 0.0, ""NumTrades90Ever2DerogPubRec"": 0.0, ""PercentTradesNeverDelq"": 95.0, ""MSinceMostRecentDelq"": 53.000003814697266, ""NumTotalTrades"": 40.0, ""NumTradesOpeninLast12M"": 3.0, ""PercentInstallTrades"": 9.0, ""MSinceMostRecentInqexcl7days"": 11.0, ""NumInqLast6M"": 0.0, ""NumInqLast6Mexcl7days"": 0.0, ""NetFractionRevolvingBurden"": 20.000001907348633, ""NetFractionInstallBurden"": -8.0, ""NumRevolvingTradesWBalance"": 7.0, ""NumInstallTradesWBalance"": 1.0, ""NumBank2NatlTradesWHighUtilization"": 1.0, ""PercentTradesWBalance"": 56.0, ""MaxDelq2PublicRecLast12M"": NaN, ""MaxDelqEver"": ""30 Days Delinquent""}","{""ExternalRiskEstimate"": 72.0, ""MSinceOldestTradeOpen"": 365.0, ""MSinceMostRecentTradeOpen"": 2.0, ""AverageMInFile"": 106.0, ""NumSatisfactoryTrades"": 21.0, ""NumTrades60Ever2DerogPubRec"": 0.0, ""NumTrades90Ever2DerogPubRec"": 0.0, ""PercentTradesNeverDelq"": 95.0, ""MSinceMostRecentDelq"": 53.000003814697266, ""NumTotalTrades"": 40.0, ""NumTradesOpeninLast12M"": 3.0, ""PercentInstallTrades"": 16.0, ""MSinceMostRecentInqexcl7days"": 24.0, ""NumInqLast6M"": 0.0, ""NumInqLast6Mexcl7days"": 0.0, ""NetFractionRevolvingBurden"": 20.000001907348633, ""NetFractionInstallBurden"": 38.0, ""NumRevolvingTradesWBalance"": 0.0, ""NumInstallTradesWBalance"": 1.0, ""NumBank2NatlTradesWHighUtilization"": 1.0, ""PercentTradesWBalance"": 48.0, ""MaxDelq2PublicRecLast12M"": ""Never Delinquent"", ""MaxDelqEver"": ""Never Delinquent""}"
counternet_projection,157,1,1,"[{""feature"": ""MSinceMostRecentTradeOpen"", ""from"": 4.0, ""to"": 6.0}, {""feature"": ""AverageMInFile"", ""from"": 83.0, ""to"": 111.99999237060547}, {""feature"": ""MSinceMostRecentDelq"", ""from"": -7.0, ""to"": 4.0}, {""feature"": ""PercentInstallTrades"", ""from"": 42.0, ""to"": 14.0}, {""feature"": ""MSinceMostRecentInqexcl7days"", ""from"": 7.0, ""to"": 24.0}, {""feature"": ""NumInqLast6M"", ""from"": 1.0, ""to"": 0.0}, {""feature"": ""NetFractionInstallBurden"", ""from"": 85.0, ""to"": 32.0}, {""feature"": ""NumRevolvingTradesWBalance"", ""from"": 2.0, ""to"": 0.0}, {""feature"": ""NumInstallTradesWBalance"", ""from"": 4.0, ""to"": 1.0}, {""feature"": ""PercentTradesWBalance"", ""from"": 75.0, ""to"": 46.0}]","{""ExternalRiskEstimate"": 73.0, ""MSinceOldestTradeOpen"": 188.0, ""MSinceMostRecentTradeOpen"": 4.0, ""AverageMInFile"": 83.0, ""NumSatisfactoryTrades"": 31.0, ""NumTrades60Ever2DerogPubRec"": 0.0, ""NumTrades90Ever2DerogPubRec"": 0.0, ""PercentTradesNeverDelq"": 100.0, ""MSinceMostRecentDelq"": -7.0, ""NumTotalTrades"": 32.0, ""NumTradesOpeninLast12M"": 2.0, ""PercentInstallTrades"": 42.0, ""MSinceMostRecentInqexcl7days"": 7.0, ""NumInqLast6M"": 1.0, ""NumInqLast6Mexcl7days"": 0.0, ""NetFractionRevolvingBurden"": 37.0, ""NetFractionInstallBurden"": 85.0, ""NumRevolvingTradesWBalance"": 2.0, ""NumInstallTradesWBalance"": 4.0, ""NumBank2NatlTradesWHighUtilization"": 2.0, ""PercentTradesWBalance"": 75.0, ""MaxDelq2PublicRecLast12M"": ""Never Delinquent"", ""MaxDelqEver"": ""Never Delinquent""}","{""ExternalRiskEstimate"": 73.0, ""MSinceOldestTradeOpen"": 188.0, ""MSinceMostRecentTradeOpen"": 6.0, ""AverageMInFile"": 111.99999237060547, ""NumSatisfactoryTrades"": 31.0, ""NumTrades60Ever2DerogPubRec"": 0.0, ""NumTrades90Ever2DerogPubRec"": 0.0, ""PercentTradesNeverDelq"": 100.0, ""MSinceMostRecentDelq"": 4.0, ""NumTotalTrades"": 32.0, ""NumTradesOpeninLast12M"": 2.0, ""PercentInstallTrades"": 14.0, ""MSinceMostRecentInqexcl7days"": 24.0, ""NumInqLast6M"": 0.0, ""NumInqLast6Mexcl7days"": 0.0, ""NetFractionRevolvingBurden"": 37.0, ""NetFractionInstallBurden"": 32.0, ""NumRevolvingTradesWBalance"": 0.0, ""NumInstallTradesWBalance"": 1.0, ""NumBank2NatlTradesWHighUtilization"": 2.0, ""PercentTradesWBalance"": 46.0, ""MaxDelq2PublicRecLast12M"": ""Never Delinquent"", ""MaxDelqEver"": ""Never Delinquent""}"
counternet,1771,0,1,"[{""feature"": ""ExternalRiskEstimate"", ""from"": 58.0, ""to"": 81.91010284423828}, {""feature"": ""MSinceOldestTradeOpen"", ""from"": 33.0, ""to"": 127.33879089355469}, {""feature"": ""MSinceMostRecentTradeOpen"", ""from"": 5.0, ""to"": -13.620323181152344}, {""feature"": ""AverageMInFile"", ""from"": 17.999998092651367, ""to"": 80.4869384765625}, {""feature"": ""NumSatisfactoryTrades"", ""from"": 12.0, ""to"": 46.02375793457031}, {""feature"": ""NumTrades60Ever2DerogPubRec"", ""from"": 0.0, ""to"": -8.39156436920166}, {""feature"": ""NumTrades90Ever2DerogPubRec"", ""from"": 0.0, ""to"": -11.72982120513916}, {""feature"": ""PercentTradesNeverDelq"", ""from"": 100.0, ""to"": 83.74092102050781}, {""feature"": ""MSinceMostRecentDelq"", ""from"": -7.0, ""to"": 2.12139892578125}, {""feature"": ""NumTotalTrades"", ""from"": 12.0, ""to"": 19.04384422302246}, {""feature"": ""NumTradesOpeninLast12M"", ""from"": 4.0, ""to"": -17.279335021972656}, {""feature"": ""PercentInstallTrades"", ""from"": 49.999996185302734, ""to"": 40.605716705322266}, {""feature"": ""MSinceMostRecentInqexcl7days"", ""from"": 0.0, ""to"": 65.78929138183594}, {""feature"": ""NumInqLast6M"", ""from"": 1.0, ""to"": -61.360408782958984}, {""feature"": ""NumInqLast6Mexcl7days"", ""from"": 1.0, ""to"": -57.11478805541992}, {""feature"": ""NetFractionRevolvingBurden"", ""from"": 95.99999237060547, ""to"": 32.431053161621094}, {""feature"": ""NetFractionInstallBurden"", ""from"": 68.0, ""to"": 63.64372253417969}, {""feature"": ""NumRevolvingTradesWBalance"", ""from"": 5.0, ""to"": -27.645906448364258}, {""feature"": ""NumInstallTradesWBalance"", ""from"": 5.0, ""to"": 22.060771942138672}, {""feature"": ""NumBank2NatlTradesWHighUtilization"", ""from"": 4.0, ""to"": 1.4861783981323242}, {""feature"": ""PercentTradesWBalance"", ""from"": 91.0, ""to"": 84.22084045410156}, {""feature"": ""MaxDelq2PublicRecLast12M"", ""from"": ""Never Delinquent"", ""to"": ""30 Days Delinquent""}, {""feature"": ""MaxDelqEver"", ""from"": ""Never Delinquent"", ""to"": ""30 Days Delinquent""}]","{""ExternalRiskEstimate"": 58.0, ""MSinceOldestTradeOpen"": 33.0, ""MSinceMostRecentTradeOpen"": 5.0, ""AverageMInFile"": 17.999998092651367, ""NumSatisfactoryTrades"": 12.0, ""NumTrades60Ever2DerogPubRec"": 0.0, ""NumTrades90Ever2DerogPubRec"": 0.0, ""PercentTradesNeverDelq"": 100.0, ""MSinceMostRecentDelq"": -7.0, ""NumTotalTrades"": 12.0, ""NumTradesOpeninLast12M"": 4.0, ""PercentInstallTrades"": 49.999996185302734, ""MSinceMostRecentInqexcl7days"": 0.0, ""NumInqLast6M"": 1.0, ""NumInqLast6Mexcl7days"": 1.0, ""NetFractionRevolvingBurden"": 95.99999237060547, ""NetFractionInstallBurden"": 68.0, ""NumRevolvingTradesWBalance"": 5.0, ""NumInstallTradesWBalance"": 5.0, ""NumBank2NatlTradesWHighUtilization"": 4.0, ""PercentTradesWBalance"": 91.0, ""MaxDelq2PublicRecLast12M"": ""Never Delinquent"", ""MaxDelqEver"": ""Never Delinquent""}","{""ExternalRiskEstimate"": 81.91010284423828, ""MSinceOldestTradeOpen"": 127.33879089355469, ""MSinceMostRecentTradeOpen"": -13.620323181152344, ""AverageMInFile"": 80.4869384765625, ""NumSatisfactoryTrades"": 46.02375793457031, ""NumTrades60Ever2DerogPubRec"": -8.39156436920166, ""NumTrades90Ever2DerogPubRec"": -11.72982120513916, ""PercentTradesNeverDelq"": 83.74092102050781, ""MSinceMostRecentDelq"": 2.12139892578125, ""NumTotalTrades"": 19.04384422302246, ""NumTradesOpeninLast12M"": -17.279335021972656, ""PercentInstallTrades"": 40.605716705322266, ""MSinceMostRecentInqexcl7days"": 65.78929138183594, ""NumInqLast6M"": -61.360408782958984, ""NumInqLast6Mexcl7days"": -57.11478805541992, ""NetFractionRevolvingBurden"": 32.431053161621094, ""NetFractionInstallBurden"": 63.64372253417969, ""NumRevolvingTradesWBalance"": -27.645906448364258, ""NumInstallTradesWBalance"": 22.060771942138672, ""NumBank2NatlTradesWHighUtilization"": 1.4861783981323242, ""PercentTradesWBalance"": 84.22084045410156, ""MaxDelq2PublicRecLast12M"": ""30 Days Delinquent"", ""MaxDelqEver"": ""30 Days Delinquent""}"
counternet,1701,1,1,"[{""feature"": ""ExternalRiskEstimate"", ""from"": 91.0, ""to"": 97.26704406738281}, {""feature"": ""MSinceOldestTradeOpen"", ""from"": 132.0, ""to"": 274.2222595214844}, {""feature"": ""MSinceMostRecentTradeOpen"", ""from"": 36.0, ""to"": 12.325996398925781}, {""feature"": ""AverageMInFile"", ""from"": 143.0, ""to"": 115.7905044555664}, {""feature"": ""NumSatisfactoryTrades"", ""from"": 13.0, ""to"": 37.11907196044922}, {""feature"": ""NumTrades60Ever2DerogPubRec"", ""from"": 0.0, ""to"": -3.698429584503174}, {""feature"": ""NumTrades90Ever2DerogPubRec"", ""from"": 0.0, ""to"": -2.2693281173706055}, {""feature"": ""PercentTradesNeverDelq"", ""from"": 100.0, ""to"": 108.14380645751953}, {""feature"": ""MSinceMostRecentDelq"", ""from"": -7.0, ""to"": 13.50656509399414}, {""feature"": ""NumTotalTrades"", ""from"": 2.0, ""to"": 24.464672088623047}, {""feature"": ""NumTradesOpeninLast12M"", ""from"": 0.0, ""to"": -3.73887300491333}, {""feature"": ""PercentInstallTrades"", ""from"": 8.0, ""to"": 25.727558135986328}, {""feature"": ""MSinceMostRecentInqexcl7days"", ""from"": 21.0, ""to"": 37.318153381347656}, {""feature"": ""NumInqLast6M"", ""from"": 0.0, ""to"": -33.12962341308594}, {""feature"": ""NumInqLast6Mexcl7days"", ""from"": 0.0, ""to"": -28.14806365966797}, {""feature"": ""NetFractionRevolvingBurden"", ""from"": 9.0, ""to"": 2.191891670227051}, {""feature"": ""NetFractionInstallBurden"", ""from"": -8.0, ""to"": 16.982534408569336}, {""feature"": ""NumRevolvingTradesWBalance"", ""from"": 2.0, ""to"": -11.861200332641602}, {""feature"": ""NumInstallTradesWBalance"", ""from"": -8.0, ""to"": 1.3173398971557617}, {""feature"": ""NumBank2NatlTradesWHighUtilization"", ""from"": 0.0, ""to"": -4.970769882202148}, {""feature"": ""PercentTradesWBalance"", ""from"": 22.000001907348633, ""to"": 47.51652526855469}]","{""ExternalRiskEstimate"": 91.0, ""MSinceOldestTradeOpen"": 132.0, ""MSinceMostRecentTradeOpen"": 36.0, ""AverageMInFile"": 143.0, ""NumSatisfactoryTrades"": 13.0, ""NumTrades60Ever2DerogPubRec"": 0.0, ""NumTrades90Ever2DerogPubRec"": 0.0, ""PercentTradesNeverDelq"": 100.0, ""MSinceMostRecentDelq"": -7.0, ""NumTotalTrades"": 2.0, ""NumTradesOpeninLast12M"": 0.0, ""PercentInstallTrades"": 8.0, ""MSinceMostRecentInqexcl7days"": 21.0, ""NumInqLast6M"": 0.0, ""NumInqLast6Mexcl7days"": 0.0, ""NetFractionRevolvingBurden"": 9.0, ""NetFractionInstallBurden"": -8.0, ""NumRevolvingTradesWBalance"": 2.0, ""NumInstallTradesWBalance"": -8.0, ""NumBank2NatlTradesWHighUtilization"": 0.0, ""PercentTradesWBalance"": 22.000001907348633, ""MaxDelq2PublicRecLast12M"": ""Never Delinquent"", ""MaxDelqEver"": ""Never Delinquent""}","{""ExternalRiskEstimate"": 97.26704406738281, ""MSinceOldestTradeOpen"": 274.2222595214844, ""MSinceMostRecentTradeOpen"": 12.325996398925781, ""AverageMInFile"": 115.7905044555664, ""NumSatisfactoryTrades"": 37.11907196044922, ""NumTrades60Ever2DerogPubRec"": -3.698429584503174, ""NumTrades90Ever2DerogPubRec"": -2.2693281173706055, ""PercentTradesNeverDelq"": 108.14380645751953, ""MSinceMostRecentDelq"": 13.50656509399414, ""NumTotalTrades"": 24.464672088623047, ""NumTradesOpeninLast12M"": -3.73887300491333, ""PercentInstallTrades"": 25.727558135986328, ""MSinceMostRecentInqexcl7days"": 37.318153381347656, ""NumInqLast6M"": -33.12962341308594, ""NumInqLast6Mexcl7days"": -28.14806365966797, ""NetFractionRevolvingBurden"": 2.191891670227051, ""NetFractionInstallBurden"": 16.982534408569336, ""NumRevolvingTradesWBalance"": -11.861200332641602, ""NumInstallTradesWBalance"": 1.3173398971557617, ""NumBank2NatlTradesWHighUtilization"": -4.970769882202148, ""PercentTradesWBalance"": 47.51652526855469, ""MaxDelq2PublicRecLast12M"": ""Never Delinquent"", ""MaxDelqEver"": ""Never Delinquent""}"
counternet,1327,0,1,"[{""feature"": ""ExternalRiskEstimate"", ""from"": 63.0, ""to"": 80.79015350341797}, {""feature"": ""MSinceOldestTradeOpen"", ""from"": 211.99998474121094, ""to"": 155.37225341796875}, {""feature"": ""MSinceMostRecentTradeOpen"", ""from"": 3.0, ""to"": -10.923768997192383}, {""feature"": ""AverageMInFile"", ""from"": 62.0, ""to"": 87.4814453125}, {""feature"": ""NumSatisfactoryTrades"", ""from"": 16.0, ""to"": 41.715187072753906}, {""feature"": ""NumTrades60Ever2DerogPubRec"", ""from"": 2.0, ""to"": -7.792760372161865}, {""feature"": ""NumTrades90Ever2DerogPubRec"", ""from"": 0.0, ""to"": -10.69610595703125}, {""feature"": ""PercentTradesNeverDelq"", ""from"": 72.0, ""to"": 80.87789154052734}, {""feature"": ""MSinceMostRecentDelq"", ""from"": 12.0, ""to"": 3.041349411010742}, {""feature"": ""NumTotalTrades"", ""from"": 20.000001907348633, ""to"": 19.133752822875977}, {""feature"": ""NumTradesOpeninLast12M"", ""from"": 1.0, ""to"": -17.384540557861328}, {""feature"": ""PercentInstallTrades"", ""from"": 44.0, ""to"": 33.7477912902832}, {""feature"": ""MSinceMostRecentInqexcl7days"", ""from"": -7.0, ""to"": 56.95781707763672}, {""feature"": ""NumInqLast6M"", ""from"": 2.0, ""to"": -52.924312591552734}, {""feature"": ""NumInqLast6Mexcl7days"", ""from"": 2.0, ""to"": -48.961341857910156}, {""feature"": ""NetFractionRevolvingBurden"", ""from"": 66.0, ""to"": 11.056224822998047}, {""feature"": ""NetFractionInstallBurden"", ""from"": 89.0, ""to"": 49.73738479614258}, {""feature"": ""NumRevolvingTradesWBalance"", ""from"": 3.0, ""to"": -23.64171600341797}, {""feature"": ""NumInstallTradesWBalance"", ""from"": 5.0, ""to"": 17.542186737060547}, {""feature"": ""NumBank2NatlTradesWHighUtilization"", ""from"": 2.0, ""to"": -1.451416015625}, {""feature"": ""PercentTradesWBalance"", ""from"": 73.0, ""to"": 68.48526763916016}, {""feature"": ""MaxDelqEver"", ""from"": ""60 Days Delinquent"", ""to"": ""30 Days Delinquent""}]","{""ExternalRiskEstimate"": 63.0, ""MSinceOldestTradeOpen"": 211.99998474121094, ""MSinceMostRecentTradeOpen"": 3.0, ""AverageMInFile"": 62.0, ""NumSatisfactoryTrades"": 16.0, ""NumTrades60Ever2DerogPubRec"": 2.0, ""NumTrades90Ever2DerogPubRec"": 0.0, ""PercentTradesNeverDelq"": 72.0, ""MSinceMostRecentDelq"": 12.0, ""NumTotalTrades"": 20.000001907348633, ""NumTradesOpeninLast12M"": 1.0, ""PercentInstallTrades"": 44.0, ""MSinceMostRecentInqexcl7days"": -7.0, ""NumInqLast6M"": 2.0, ""NumInqLast6Mexcl7days"": 2.0, ""NetFractionRevolvingBurden"": 66.0, ""NetFractionInstallBurden"": 89.0, ""NumRevolvingTradesWBalance"": 3.0, ""NumInstallTradesWBalance"": 5.0, ""NumBank2NatlTradesWHighUtilization"": 2.0, ""PercentTradesWBalance"": 73.0, ""MaxDelq2PublicRecLast12M"": NaN, ""MaxDelqEver"": ""60 Days Delinquent""}","{""ExternalRiskEstimate"": 80.79015350341797, ""MSinceOldestTradeOpen"": 155.37225341796875, ""MSinceMostRecentTradeOpen"": -10.923768997192383, ""AverageMInFile"": 87.4814453125, ""NumSatisfactoryTrades"": 41.715187072753906, ""NumTrades60Ever2DerogPubRec"": -7.792760372161865, ""NumTrades90Ever2DerogPubRec"": -10.69610595703125, ""PercentTradesNeverDelq"": 80.87789154052734, ""MSinceMostRecentDelq"": 3.041349411010742, ""NumTotalTrades"": 19.133752822875977, ""NumTradesOpeninLast12M"": -17.384540557861328, ""PercentInstallTrades"": 33.7477912902832, ""MSinceMostRecentInqexcl7days"": 56.95781707763672, ""NumInqLast6M"": -52.924312591552734, ""NumInqLast6Mexcl7days"": -48.961341857910156, ""NetFractionRevolvingBurden"": 11.056224822998047, ""NetFractionInstallBurden"": 49.73738479614258, ""NumRevolvingTradesWBalance"": -23.64171600341797, ""NumInstallTradesWBalance"": 17.542186737060547, ""NumBank2NatlTradesWHighUtilization"": -1.451416015625, ""PercentTradesWBalance"": 68.48526763916016, ""MaxDelq2PublicRecLast12M"": NaN, ""MaxDelqEver"": ""30 Days Delinquent""}"
counternet,1065,0,1,"[{""feature"": ""ExternalRiskEstimate"", ""from"": 59.0, ""to"": 80.97795104980469}, {""feature"": ""MSinceOldestTradeOpen"", ""from"": 90.0, ""to"": 156.93844604492188}, {""feature"": ""MSinceMostRecentTradeOpen"", ""from"": 11.0, ""to"": -10.730304718017578}, {""feature"": ""AverageMInFile"", ""from"": 49.999996185302734, ""to"": 88.14196014404297}, {""feature"": ""NumSatisfactoryTrades"", ""from"": 27.0, ""to"": 41.52137756347656}, {""feature"": ""NumTrades60Ever2DerogPubRec"", ""from"": 0.0, ""to"": -7.808842658996582}, {""feature"": ""NumTrades90Ever2DerogPubRec"", ""from"": 0.0, ""to"": -10.57801628112793}, {""feature"": ""PercentTradesNeverDelq"", ""from"": 95.99999237060547, ""to"": 80.93716430664062}, {""feature"": ""MSinceMostRecentDelq"", ""from"": 76.0, ""to"": 3.1228294372558594}, {""feature"": ""NumTotalTrades"", ""from"": 27.0, ""to"": 19.147478103637695}, {""feature"": ""NumTradesOpeninLast12M"", ""from"": 1.0, ""to"": -17.398305892944336}, {""feature"": ""PercentInstallTrades"", ""from"": 15.0, ""to"": 33.337646484375}, {""feature"": ""MSinceMostRecentInqexcl7days"", ""from"": 1.0, ""to"": 56.32008361816406}, {""feature"": ""NumInqLast6M"", ""from"": 2.0, ""to"": -52.41761779785156}, {""feature"": ""NumInqLast6Mexcl7days"", ""from"": 2.0, ""to"": -48.495155334472656}, {""feature"": ""NetFractionRevolvingBurden"", ""from"": 68.0, ""to"": 9.883813858032227}, {""feature"": ""NetFractionInstallBurden"", ""from"": 83.0, ""to"": 48.949363708496094}, {""feature"": ""NumRevolvingTradesWBalance"", ""from"": 11.0, ""to"": -23.417232513427734}, {""feature"": ""NumInstallTradesWBalance"", ""from"": 1.0, ""to"": 17.332782745361328}, {""feature"": ""NumBank2NatlTradesWHighUtilization"", ""from"": 2.0, ""to"": -1.6045012474060059}, {""feature"": ""PercentTradesWBalance"", ""from"": 86.0, ""to"": 67.51709747314453}]","{""ExternalRiskEstimate"": 59.0, ""MSinceOldestTradeOpen"": 90.0, ""MSinceMostRecentTradeOpen"": 11.0, ""AverageMInFile"": 49.999996185302734, ""NumSatisfactoryTrades"": 27.0, ""NumTrades60Ever2DerogPubRec"": 0.0, ""NumTrades90Ever2DerogPubRec"": 0.0, ""PercentTradesNeverDelq"": 95.99999237060547, ""MSinceMostRecentDelq"": 76.0, ""NumTotalTrades"": 27.0, ""NumTradesOpeninLast12M"": 1.0, ""PercentInstallTrades"": 15.0, ""MSinceMostRecentInqexcl7days"": 1.0, ""NumInqLast6M"": 2.0, ""NumInqLast6Mexcl7days"": 2.0, ""NetFractionRevolvingBurden"": 68.0, ""NetFractionInstallBurden"": 83.0, ""NumRevolvingTradesWBalance"": 11.0, ""NumInstallTradesWBalance"": 1.0, ""NumBank2NatlTradesWHighUtilization"": 2.0, ""PercentTradesWBalance"": 86.0, ""MaxDelq2PublicRecLast12M"": NaN, ""MaxDelqEver"": ""30 Days Delinquent""}","{""ExternalRiskEstimate"": 80.97795104980469, ""MSinceOldestTradeOpen"": 156.93844604492188, ""MSinceMostRecentTradeOpen"": -10.730304718017578, ""AverageMInFile"": 88.14196014404297, ""NumSatisfactoryTrades"": 41.52137756347656, ""NumTrades60Ever2DerogPubRec"": -7.808842658996582, ""NumTrades90Ever2DerogPubRec"": -10.57801628112793, ""PercentTradesNeverDelq"": 80.93716430664062, ""MSinceMostRecentDelq"": 3.1228294372558594, ""NumTotalTrades"": 19.147478103637695, ""NumTradesOpeninLast12M"": -17.398305892944336, ""PercentInstallTrades"": 33.337646484375, ""MSinceMostRecentInqexcl7days"": 56.32008361816406, ""NumInqLast6M"": -52.41761779785156, ""NumInqLast6Mexcl7days"": -48.495155334472656, ""NetFractionRevolvingBurden"": 9.883813858032227, ""NetFractionInstallBurden"": 48.949363708496094, ""NumRevolvingTradesWBalance"": -23.417232513427734, ""NumInstallTradesWBalance"": 17.332782745361328, ""NumBank2NatlTradesWHighUtilization"": -1.6045012474060059, ""PercentTradesWBalance"": 67.51709747314453, ""MaxDelq2PublicRecLast12M"": NaN, ""MaxDelqEver"": ""30 Days Delinquent""}"
counternet,562,1,1,"[{""feature"": ""ExternalRiskEstimate"", ""from"": 86.0, ""to"": 97.11949157714844}, {""feature"": ""MSinceOldestTradeOpen"", ""from"": 292.0, ""to"": 273.4052429199219}, {""feature"": ""MSinceMostRecentTradeOpen"", ""from"": 5.0, ""to"": 12.130054473876953}, {""feature"": ""AverageMInFile"", ""from"": 114.0, ""to"": 115.57565307617188}, {""feature"": ""NumSatisfactoryTrades"", ""from"": 20.000001907348633, ""to"": 37.111595153808594}, {""feature"": ""NumTrades60Ever2DerogPubRec"", ""from"": 0.0, ""to"": -3.7412610054016113}, {""feature"": ""NumTrades90Ever2DerogPubRec"", ""from"": 0.0, ""to"": -2.356593132019043}, {""feature"": ""PercentTradesNeverDelq"", ""from"": 100.0, ""to"": 107.89297485351562}, {""feature"": ""MSinceMostRecentDelq"", ""from"": -7.0, ""to"": 13.422382354736328}, {""feature"": ""NumTotalTrades"", ""from"": 22.000001907348633, ""to"": 24.355335235595703}, {""feature"": ""NumTradesOpeninLast12M"", ""from"": 1.0, ""to"": -3.9003710746765137}, {""feature"": ""PercentInstallTrades"", ""from"": 24.0, ""to"": 25.751712799072266}, {""feature"": ""MSinceMostRecentInqexcl7days"", ""from"": 6.0, ""to"": 37.41105270385742}, {""feature"": ""NumInqLast6M"", ""from"": 0.0, ""to"": -33.25641632080078}, {""feature"": ""NumInqLast6Mexcl7days"", ""from"": 0.0, ""to"": -28.284475326538086}, {""feature"": ""NetFractionRevolvingBurden"", ""from"": 6.0, ""to"": 2.255618095397949}, {""feature"": ""NetFractionInstallBurden"", ""from"": 12.0, ""to"": 17.19546890258789}, {""feature"": ""NumRevolvingTradesWBalance"", ""from"": 3.0, ""to"": -11.990553855895996}, {""feature"": ""NumInstallTradesWBalance"", ""from"": 1.0, ""to"": 1.4258852005004883}, {""feature"": ""NumBank2NatlTradesWHighUtilization"", ""from"": 1.0, ""to"": -4.88889741897583}, {""feature"": ""PercentTradesWBalance"", ""from"": 57.0, ""to"": 47.689056396484375}]","{""ExternalRiskEstimate"": 86.0, ""MSinceOldestTradeOpen"": 292.0, ""MSinceMostRecentTradeOpen"": 5.0, ""AverageMInFile"": 114.0, ""NumSatisfactoryTrades"": 20.000001907348633, ""NumTrades60Ever2DerogPubRec"": 0.0, ""NumTrades90Ever2DerogPubRec"": 0.0, ""PercentTradesNeverDelq"": 100.0, ""MSinceMostRecentDelq"": -7.0, ""NumTotalTrades"": 22.000001907348633, ""NumTradesOpeninLast12M"": 1.0, ""PercentInstallTrades"": 24.0, ""MSinceMostRecentInqexcl7days"": 6.0, ""NumInqLast6M"": 0.0, ""NumInqLast6Mexcl7days"": 0.0, ""NetFractionRevolvingBurden"": 6.0, ""NetFractionInstallBurden"": 12.0, ""NumRevolvingTradesWBalance"": 3.0, ""NumInstallTradesWBalance"": 1.0, ""NumBank2NatlTradesWHighUtilization"": 1.0, ""PercentTradesWBalance"": 57.0, ""MaxDelq2PublicRecLast12M"": ""Never Delinquent"", ""MaxDelqEver"": ""Never Delinquent""}","{""ExternalRiskEstimate"": 97.11949157714844, ""MSinceOldestTradeOpen"": 273.4052429199219, ""MSinceMostRecentTradeOpen"": 12.130054473876953, ""AverageMInFile"": 115.57565307617188, ""NumSatisfactoryTrades"": 37.111595153808594, ""NumTrades60Ever2DerogPubRec"": -3.7412610054016113, ""NumTrades90Ever2DerogPubRec"": -2.356593132019043, ""PercentTradesNeverDelq"": 107.89297485351562, ""MSinceMostRecentDelq"": 13.422382354736328, ""NumTotalTrades"": 24.355335235595703, ""NumTradesOpeninLast12M"": -3.9003710746765137, ""PercentInstallTrades"": 25.751712799072266, ""MSinceMostRecentInqexcl7days"": 37.41105270385742, ""NumInqLast6M"": -33.25641632080078, ""NumInqLast6Mexcl7days"": -28.284475326538086, ""NetFractionRevolvingBurden"": 2.255618095397949, ""NetFractionInstallBurden"": 17.19546890258789, ""NumRevolvingTradesWBalance"": -11.990553855895996, ""NumInstallTradesWBalance"": 1.4258852005004883, ""NumBank2NatlTradesWHighUtilization"": -4.88889741897583, ""PercentTradesWBalance"": 47.689056396484375, ""MaxDelq2PublicRecLast12M"": ""Never Delinquent"", ""MaxDelqEver"": ""Never Delinquent""}"
counternet,85,1,1,"[{""feature"": ""ExternalRiskEstimate"", ""from"": 87.0, ""to"": 95.17719268798828}, {""feature"": ""MSinceOldestTradeOpen"", ""from"": 318.0, ""to"": 262.4704895019531}, {""feature"": ""MSinceMostRecentTradeOpen"", ""from"": 31.0, ""to"": 9.729690551757812}, {""feature"": ""AverageMInFile"", ""from"": 98.99999237060547, ""to"": 113.05343627929688}, {""feature"": ""NumSatisfactoryTrades"", ""from"": 12.0, ""to"": 37.21056365966797}, {""feature"": ""NumTrades60Ever2DerogPubRec"", ""from"": 0.0, ""to"": -4.150856971740723}, {""feature"": ""NumTrades90Ever2DerogPubRec"", ""from"": 0.0, ""to"": -3.26936674118042}, {""feature"": ""PercentTradesNeverDelq"", ""from"": 100.0, ""to"": 104.55812072753906}, {""feature"": ""MSinceMostRecentDelq"", ""from"": -7.0, ""to"": 12.283498764038086}, {""feature"": ""NumTotalTrades"", ""from"": 12.0, ""to"": 23.70339584350586}, {""feature"": ""NumTradesOpeninLast12M"", ""from"": 0.0, ""to"": -5.555602550506592}, {""feature"": ""PercentInstallTrades"", ""from"": 25.0, ""to"": 26.020919799804688}, {""feature"": ""MSinceMostRecentInqexcl7days"", ""from"": 0.0, ""to"": 38.698238372802734}, {""feature"": ""NumInqLast6M"", ""from"": 0.0, ""to"": -34.66791915893555}, {""feature"": ""NumInqLast6Mexcl7days"", ""from"": 0.0, ""to"": -29.874691009521484}, {""feature"": ""NetFractionRevolvingBurden"", ""from"": 0.0, ""to"": 1.2827320098876953}, {""feature"": ""NetFractionInstallBurden"", ""from"": 52.0, ""to"": 19.630874633789062}, {""feature"": ""NumRevolvingTradesWBalance"", ""from"": 0.0, ""to"": -13.068357467651367}, {""feature"": ""NumInstallTradesWBalance"", ""from"": 2.0, ""to"": 2.8829526901245117}, {""feature"": ""NumBank2NatlTradesWHighUtilization"", ""from"": 0.0, ""to"": -4.648573398590088}, {""feature"": ""PercentTradesWBalance"", ""from"": 25.0, ""to"": 48.669517517089844}]","{""ExternalRiskEstimate"": 87.0, ""MSinceOldestTradeOpen"": 318.0, ""MSinceMostRecentTradeOpen"": 31.0, ""AverageMInFile"": 98.99999237060547, ""NumSatisfactoryTrades"": 12.0, ""NumTrades60Ever2DerogPubRec"": 0.0, ""NumTrades90Ever2DerogPubRec"": 0.0, ""PercentTradesNeverDelq"": 100.0, ""MSinceMostRecentDelq"": -7.0, ""NumTotalTrades"": 12.0, ""NumTradesOpeninLast12M"": 0.0, ""PercentInstallTrades"": 25.0, ""MSinceMostRecentInqexcl7days"": 0.0, ""NumInqLast6M"": 0.0, ""NumInqLast6Mexcl7days"": 0.0, ""NetFractionRevolvingBurden"": 0.0, ""NetFractionInstallBurden"": 52.0, ""NumRevolvingTradesWBalance"": 0.0, ""NumInstallTradesWBalance"": 2.0, ""NumBank2NatlTradesWHighUtilization"": 0.0, ""PercentTradesWBalance"": 25.0, ""MaxDelq2PublicRecLast12M"": ""Never Delinquent"", ""MaxDelqEver"": ""Never Delinquent""}","{""ExternalRiskEstimate"": 95.17719268798828, ""MSinceOldestTradeOpen"": 262.4704895019531, ""MSinceMostRecentTradeOpen"": 9.729690551757812, ""AverageMInFile"": 113.05343627929688, ""NumSatisfactoryTrades"": 37.21056365966797, ""NumTrades60Ever2DerogPubRec"": -4.150856971740723, ""NumTrades90Ever2DerogPubRec"": -3.26936674118042, ""PercentTradesNeverDelq"": 104.55812072753906, ""MSinceMostRecentDelq"": 12.283498764038086, ""NumTotalTrades"": 23.70339584350586, ""NumTradesOpeninLast12M"": -5.555602550506592, ""PercentInstallTrades"": 26.020919799804688, ""MSinceMostRecentInqexcl7days"": 38.698238372802734, ""NumInqLast6M"": -34.66791915893555, ""NumInqLast6Mexcl7days"": -29.874691009521484, ""NetFractionRevolvingBurden"": 1.2827320098876953, ""NetFractionInstallBurden"": 19.630874633789062, ""NumRevolvingTradesWBalance"": -13.068357467651367, ""NumInstallTradesWBalance"": 2.8829526901245117, ""NumBank2NatlTradesWHighUtilization"": -4.648573398590088, ""PercentTradesWBalance"": 48.669517517089844, ""MaxDelq2PublicRecLast12M"": ""Never Delinquent"", ""MaxDelqEver"": ""Never Delinquent""}"
counternet,34,1,1,"[{""feature"": ""ExternalRiskEstimate"", ""from"": 85.0, ""to"": 93.71115112304688}, {""feature"": ""MSinceOldestTradeOpen"", ""from"": 319.0, ""to"": 254.19390869140625}, {""feature"": ""MSinceMostRecentTradeOpen"", ""from"": 3.0, ""to"": 7.909448623657227}, {""feature"": ""AverageMInFile"", ""from"": 91.0, ""to"": 111.15202331542969}, {""feature"": ""NumSatisfactoryTrades"", ""from"": 15.0, ""to"": 37.2957878112793}, {""feature"": ""NumTrades60Ever2DerogPubRec"", ""from"": 0.0, ""to"": -4.458091735839844}, {""feature"": ""NumTrades90Ever2DerogPubRec"", ""from"": 0.0, ""to"": -3.958892345428467}, {""feature"": ""PercentTradesNeverDelq"", ""from"": 100.0, ""to"": 102.040283203125}, {""feature"": ""MSinceMostRecentDelq"", ""from"": -7.0, ""to"": 11.423952102661133}, {""feature"": ""NumTotalTrades"", ""from"": 17.0, ""to"": 23.242137908935547}, {""feature"": ""NumTradesOpeninLast12M"", ""from"": 2.0, ""to"": -6.798295974731445}, {""feature"": ""PercentInstallTrades"", ""from"": 24.0, ""to"": 26.21792984008789}, {""feature"": ""MSinceMostRecentInqexcl7days"", ""from"": 0.0, ""to"": 39.664798736572266}, {""feature"": ""NumInqLast6M"", ""from"": 5.0, ""to"": -35.73192596435547}, {""feature"": ""NumInqLast6Mexcl7days"", ""from"": 5.0, ""to"": -31.072853088378906}, {""feature"": ""NetFractionRevolvingBurden"", ""from"": 3.0, ""to"": 0.4879179000854492}, {""feature"": ""NetFractionInstallBurden"", ""from"": -8.0, ""to"": 21.448610305786133}, {""feature"": ""NumRevolvingTradesWBalance"", ""from"": 2.0, ""to"": -13.861940383911133}, {""feature"": ""NumInstallTradesWBalance"", ""from"": 1.0, ""to"": 3.9914064407348633}, {""feature"": ""NumBank2NatlTradesWHighUtilization"", ""from"": 0.0, ""to"": -4.501906871795654}, {""feature"": ""PercentTradesWBalance"", ""from"": 49.999996185302734, ""to"": 49.36566162109375}]","{""ExternalRiskEstimate"": 85.0, ""MSinceOldestTradeOpen"": 319.0, ""MSinceMostRecentTradeOpen"": 3.0, ""AverageMInFile"": 91.0, ""NumSatisfactoryTrades"": 15.0, ""NumTrades60Ever2DerogPubRec"": 0.0, ""NumTrades90Ever2DerogPubRec"": 0.0, ""PercentTradesNeverDelq"": 100.0, ""MSinceMostRecentDelq"": -7.0, ""NumTotalTrades"": 17.0, ""NumTradesOpeninLast12M"": 2.0, ""PercentInstallTrades"": 24.0, ""MSinceMostRecentInqexcl7days"": 0.0, ""NumInqLast6M"": 5.0, ""NumInqLast6Mexcl7days"": 5.0, ""NetFractionRevolvingBurden"": 3.0, ""NetFractionInstallBurden"": -8.0, ""NumRevolvingTradesWBalance"": 2.0, ""NumInstallTradesWBalance"": 1.0, ""NumBank2NatlTradesWHighUtilization"": 0.0, ""PercentTradesWBalance"": 49.999996185302734, ""MaxDelq2PublicRecLast12M"": ""Never Delinquent"", ""MaxDelqEver"": ""Never Delinquent""}","{""ExternalRiskEstimate"": 93.71115112304688, ""MSinceOldestTradeOpen"": 254.19390869140625, ""MSinceMostRecentTradeOpen"": 7.909448623657227, ""AverageMInFile"": 111.15202331542969, ""NumSatisfactoryTrades"": 37.2957878112793, ""NumTrades60Ever2DerogPubRec"": -4.458091735839844, ""NumTrades90Ever2DerogPubRec"": -3.958892345428467, ""PercentTradesNeverDelq"": 102.040283203125, ""MSinceMostRecentDelq"": 11.423952102661133, ""NumTotalTrades"": 23.242137908935547, ""NumTradesOpeninLast12M"": -6.798295974731445, ""PercentInstallTrades"": 26.21792984008789, ""MSinceMostRecentInqexcl7days"": 39.664798736572266, ""NumInqLast6M"": -35.73192596435547, ""NumInqLast6Mexcl7days"": -31.072853088378906, ""NetFractionRevolvingBurden"": 0.4879179000854492, ""NetFractionInstallBurden"": 21.448610305786133, ""NumRevolvingTradesWBalance"": -13.861940383911133, ""NumInstallTradesWBalance"": 3.9914064407348633, ""NumBank2NatlTradesWHighUtilization"": -4.501906871795654, ""PercentTradesWBalance"": 49.36566162109375, ""MaxDelq2PublicRecLast12M"": ""Never Delinquent"", ""MaxDelqEver"": ""Never Delinquent""}"
counternet,642,1,1,"[{""feature"": ""ExternalRiskEstimate"", ""from"": 84.0, ""to"": 99.69239044189453}, {""feature"": ""MSinceOldestTradeOpen"", ""from"": 403.0000305175781, ""to"": 287.9324645996094}, {""feature"": ""MSinceMostRecentTradeOpen"", ""from"": 14.0, ""to"": 15.323640823364258}, {""feature"": ""AverageMInFile"", ""from"": 157.0, ""to"": 118.89702606201172}, {""feature"": ""NumSatisfactoryTrades"", ""from"": 26.0, ""to"": 36.95718002319336}, {""feature"": ""NumTrades60Ever2DerogPubRec"", ""from"": 0.0, ""to"": -3.2006149291992188}, {""feature"": ""NumTrades90Ever2DerogPubRec"", ""from"": 0.0, ""to"": -1.150935173034668}, {""feature"": ""PercentTradesNeverDelq"", ""from"": 100.0, ""to"": 112.31432342529297}, {""feature"": ""MSinceMostRecentDelq"", ""from"": -7.0, ""to"": 14.936090469360352}, {""feature"": ""NumTotalTrades"", ""from"": 27.0, ""to"": 25.14068603515625}, {""feature"": ""NumTradesOpeninLast12M"", ""from"": 0.0, ""to"": -1.7322468757629395}, {""feature"": ""PercentInstallTrades"", ""from"": 7.0, ""to"": 25.411300659179688}, {""feature"": ""MSinceMostRecentInqexcl7days"", ""from"": 13.0, ""to"": 35.70600128173828}, {""feature"": ""NumInqLast6M"", ""from"": 0.0, ""to"": -31.404329299926758}, {""feature"": ""NumInqLast6Mexcl7days"", ""from"": 0.0, ""to"": -26.194387435913086}, {""feature"": ""NetFractionRevolvingBurden"", ""from"": 3.0, ""to"": 3.7139663696289062}, {""feature"": ""NetFractionInstallBurden"", ""from"": -8.0, ""to"": 14.001167297363281}, {""feature"": ""NumRevolvingTradesWBalance"", ""from"": 11.0, ""to"": -10.627155303955078}, {""feature"": ""NumInstallTradesWBalance"", ""from"": 1.0, ""to"": -0.5211343765258789}, {""feature"": ""NumBank2NatlTradesWHighUtilization"", ""from"": 1.0, ""to"": -5.147249221801758}, {""feature"": ""PercentTradesWBalance"", ""from"": 75.0, ""to"": 46.50486755371094}]","{""ExternalRiskEstimate"": 84.0, ""MSinceOldestTradeOpen"": 403.0000305175781, ""MSinceMostRecentTradeOpen"": 14.0, ""AverageMInFile"": 157.0, ""NumSatisfactoryTrades"": 26.0, ""NumTrades60Ever2DerogPubRec"": 0.0, ""NumTrades90Ever2DerogPubRec"": 0.0, ""PercentTradesNeverDelq"": 100.0, ""MSinceMostRecentDelq"": -7.0, ""NumTotalTrades"": 27.0, ""NumTradesOpeninLast12M"": 0.0, ""PercentInstallTrades"": 7.0, ""MSinceMostRecentInqexcl7days"": 13.0, ""NumInqLast6M"": 0.0, ""NumInqLast6Mexcl7days"": 0.0, ""NetFractionRevolvingBurden"": 3.0, ""NetFractionInstallBurden"": -8.0, ""NumRevolvingTradesWBalance"": 11.0, ""NumInstallTradesWBalance"": 1.0, ""NumBank2NatlTradesWHighUtilization"": 1.0, ""PercentTradesWBalance"": 75.0, ""MaxDelq2PublicRecLast12M"": ""Never Delinquent"", ""MaxDelqEver"": ""Never Delinquent""}","{""ExternalRiskEstimate"": 99.69239044189453, ""MSinceOldestTradeOpen"": 287.9324645996094, ""MSinceMostRecentTradeOpen"": 15.323640823364258, ""AverageMInFile"": 118.89702606201172, ""NumSatisfactoryTrades"": 36.95718002319336, ""NumTrades60Ever2DerogPubRec"": -3.2006149291992188, ""NumTrades90Ever2DerogPubRec"": -1.150935173034668, ""PercentTradesNeverDelq"": 112.31432342529297, ""MSinceMostRecentDelq"": 14.936090469360352, ""NumTotalTrades"": 25.14068603515625, ""NumTradesOpeninLast12M"": -1.7322468757629395, ""PercentInstallTrades"": 25.411300659179688, ""MSinceMostRecentInqexcl7days"": 35.70600128173828, ""NumInqLast6M"": -31.404329299926758, ""NumInqLast6Mexcl7days"": -26.194387435913086, ""NetFractionRevolvingBurden"": 3.7139663696289062, ""NetFractionInstallBurden"": 14.001167297363281, ""NumRevolvingTradesWBalance"": -10.627155303955078, ""NumInstallTradesWBalance"": -0.5211343765258789, ""NumBank2NatlTradesWHighUtilization"": -5.147249221801758, ""PercentTradesWBalance"": 46.50486755371094, ""MaxDelq2PublicRecLast12M"": ""Never Delinquent"", ""MaxDelqEver"": ""Never Delinquent""}"
counternet,366,1,1,"[{""feature"": ""ExternalRiskEstimate"", ""from"": 72.0, ""to"": 88.3561019897461}, {""feature"": ""MSinceOldestTradeOpen"", ""from"": 365.0, ""to"": 223.81805419921875}, {""feature"": ""MSinceMostRecentTradeOpen"", ""from"": 1.0, ""to"": 0.9926891326904297}, {""feature"": ""AverageMInFile"", ""from"": 46.0, ""to"": 104.12406921386719}, {""feature"": ""NumSatisfactoryTrades"", ""from"": 21.0, ""to"": 37.61145782470703}, {""feature"": ""NumTrades60Ever2DerogPubRec"", ""from"": 0.0, ""to"": -5.705660820007324}, {""feature"": ""NumTrades90Ever2DerogPubRec"", ""from"": 0.0, ""to"": -6.681985855102539}, {""feature"": ""PercentTradesNeverDelq"", ""from"": 95.0, ""to"": 92.83219909667969}, {""feature"": ""MSinceMostRecentDelq"", ""from"": 53.000003814697266, ""to"": 8.264141082763672}, {""feature"": ""NumTotalTrades"", ""from"": 40.0, ""to"": 21.484352111816406}, {""feature"": ""NumTradesOpeninLast12M"", ""from"": 3.0, ""to"": -11.561094284057617}, {""feature"": ""PercentInstallTrades"", ""from"": 9.0, ""to"": 26.867782592773438}, {""feature"": ""MSinceMostRecentInqexcl7days"", ""from"": 11.0, ""to"": 43.11616897583008}, {""feature"": ""NumInqLast6M"", ""from"": 0.0, ""to"": -39.66446304321289}, {""feature"": ""NumInqLast6Mexcl7days"", ""from"": 0.0, ""to"": -35.469444274902344}, {""feature"": ""NetFractionRevolvingBurden"", ""from"": 20.000001907348633, ""to"": -2.227397918701172}, {""feature"": ""NetFractionInstallBurden"", ""from"": -8.0, ""to"": 28.186065673828125}, {""feature"": ""NumRevolvingTradesWBalance"", ""from"": 7.0, ""to"": -16.782161712646484}, {""feature"": ""NumInstallTradesWBalance"", ""from"": 1.0, ""to"": 8.162155151367188}, {""feature"": ""NumBank2NatlTradesWHighUtilization"", ""from"": 1.0, ""to"": -3.672574520111084}, {""feature"": ""PercentTradesWBalance"", ""from"": 56.0, ""to"": 52.11717987060547}, {""feature"": ""MaxDelq2PublicRecLast12M"", ""from"": NaN, ""to"": ""Never Delinquent""}, {""feature"": ""MaxDelqEver"", ""from"": ""30 Days Delinquent"", ""to"": ""Never Delinquent""}]","{""ExternalRiskEstimate"": 72.0, ""MSinceOldestTradeOpen"": 365.0, ""MSinceMostRecentTradeOpen"": 1.0, ""AverageMInFile"": 46.0, ""NumSatisfactoryTrades"": 21.0, ""NumTrades60Ever2DerogPubRec"": 0.0, ""NumTrades90Ever2DerogPubRec"": 0.0, ""PercentTradesNeverDelq"": 95.0, ""MSinceMostRecentDelq"": 53.000003814697266, ""NumTotalTrades"": 40.0, ""NumTradesOpeninLast12M"": 3.0, ""PercentInstallTrades"": 9.0, ""MSinceMostRecentInqexcl7days"": 11.0, ""NumInqLast6M"": 0.0, ""NumInqLast6Mexcl7days"": 0.0, ""NetFractionRevolvingBurden"": 20.000001907348633, ""NetFractionInstallBurden"": -8.0, ""NumRevolvingTradesWBalance"": 7.0, ""NumInstallTradesWBalance"": 1.0, ""NumBank2NatlTradesWHighUtilization"": 1.0, ""PercentTradesWBalance"": 56.0, ""MaxDelq2PublicRecLast12M"": NaN, ""MaxDelqEver"": ""30 Days Delinquent""}","{""ExternalRiskEstimate"": 88.3561019897461, ""MSinceOldestTradeOpen"": 223.81805419921875, ""MSinceMostRecentTradeOpen"": 0.9926891326904297, ""AverageMInFile"": 104.12406921386719, ""NumSatisfactoryTrades"": 37.61145782470703, ""NumTrades60Ever2DerogPubRec"": -5.705660820007324, ""NumTrades90Ever2DerogPubRec"": -6.681985855102539, ""PercentTradesNeverDelq"": 92.83219909667969, ""MSinceMostRecentDelq"": 8.264141082763672, ""NumTotalTrades"": 21.484352111816406, ""NumTradesOpeninLast12M"": -11.561094284057617, ""PercentInstallTrades"": 26.867782592773438, ""MSinceMostRecentInqexcl7days"": 43.11616897583008, ""NumInqLast6M"": -39.66446304321289, ""NumInqLast6Mexcl7days"": -35.469444274902344, ""NetFractionRevolvingBurden"": -2.227397918701172, ""NetFractionInstallBurden"": 28.186065673828125, ""NumRevolvingTradesWBalance"": -16.782161712646484, ""NumInstallTradesWBalance"": 8.162155151367188, ""NumBank2NatlTradesWHighUtilization"": -3.672574520111084, ""PercentTradesWBalance"": 52.11717987060547, ""MaxDelq2PublicRecLast12M"": ""Never Delinquent"", ""MaxDelqEver"": ""Never Delinquent""}"
counternet,157,1,1,"[{""feature"": ""ExternalRiskEstimate"", ""from"": 73.0, ""to"": 91.31487274169922}, {""feature"": ""MSinceOldestTradeOpen"", ""from"": 188.0, ""to"": 240.76351928710938}, {""feature"": ""MSinceMostRecentTradeOpen"", ""from"": 4.0, ""to"": 4.882177352905273}, {""feature"": ""AverageMInFile"", ""from"": 83.0, ""to"": 108.09895324707031}, {""feature"": ""NumSatisfactoryTrades"", ""from"": 31.0, ""to"": 37.40985107421875}, {""feature"": ""NumTrades60Ever2DerogPubRec"", ""from"": 0.0, ""to"": -5.010991096496582}, {""feature"": ""NumTrades90Ever2DerogPubRec"", ""from"": 0.0, ""to"": -5.17570161819458}, {""feature"": ""PercentTradesNeverDelq"", ""from"": 100.0, ""to"": 97.89762115478516}, {""feature"": ""MSinceMostRecentDelq"", ""from"": -7.0, ""to"": 9.992410659790039}, {""feature"": ""NumTotalTrades"", ""from"": 32.0, ""to"": 22.426708221435547}, {""feature"": ""NumTradesOpeninLast12M"", ""from"": 2.0, ""to"": -8.896745681762695}, {""feature"": ""PercentInstallTrades"", ""from"": 42.0, ""to"": 26.552501678466797}, {""feature"": ""MSinceMostRecentInqexcl7days"", ""from"": 7.0, ""to"": 41.211544036865234}, {""feature"": ""NumInqLast6M"", ""from"": 1.0, ""to"": -37.39010238647461}, {""feature"": ""NumInqLast6Mexcl7days"", ""from"": 0.0, ""to"": -32.969078063964844}, {""feature"": ""NetFractionRevolvingBurden"", ""from"": 37.0, ""to"": -0.808690071105957}, {""feature"": ""NetFractionInstallBurden"", ""from"": 85.0, ""to"": 24.554340362548828}, {""feature"": ""NumRevolvingTradesWBalance"", ""from"": 2.0, ""to"": -15.130203247070312}, {""feature"": ""NumInstallTradesWBalance"", ""from"": 4.0, ""to"": 5.833667755126953}, {""feature"": ""NumBank2NatlTradesWHighUtilization"", ""from"": 2.0, ""to"": -4.032412528991699}, {""feature"": ""PercentTradesWBalance"", ""from"": 75.0, ""to"": 50.58839797973633}]","{""ExternalRiskEstimate"": 73.0, ""MSinceOldestTradeOpen"": 188.0, ""MSinceMostRecentTradeOpen"": 4.0, ""AverageMInFile"": 83.0, ""NumSatisfactoryTrades"": 31.0, ""NumTrades60Ever2DerogPubRec"": 0.0, ""NumTrades90Ever2DerogPubRec"": 0.0, ""PercentTradesNeverDelq"": 100.0, ""MSinceMostRecentDelq"": -7.0, ""NumTotalTrades"": 32.0, ""NumTradesOpeninLast12M"": 2.0, ""PercentInstallTrades"": 42.0, ""MSinceMostRecentInqexcl7days"": 7.0, ""NumInqLast6M"": 1.0, ""NumInqLast6Mexcl7days"": 0.0, ""NetFractionRevolvingBurden"": 37.0, ""NetFractionInstallBurden"": 85.0, ""NumRevolvingTradesWBalance"": 2.0, ""NumInstallTradesWBalance"": 4.0, ""NumBank2NatlTradesWHighUtilization"": 2.0, ""PercentTradesWBalance"": 75.0, ""MaxDelq2PublicRecLast12M"": ""Never Delinquent"", ""MaxDelqEver"": ""Never Delinquent""}","{""ExternalRiskEstimate"": 91.31487274169922, ""MSinceOldestTradeOpen"": 240.76351928710938, ""MSinceMostRecentTradeOpen"": 4.882177352905273, ""AverageMInFile"": 108.09895324707031, ""NumSatisfactoryTrades"": 37.40985107421875, ""NumTrades60Ever2DerogPubRec"": -5.010991096496582, ""NumTrades90Ever2DerogPubRec"": -5.17570161819458, ""PercentTradesNeverDelq"": 97.89762115478516, ""MSinceMostRecentDelq"": 9.992410659790039, ""NumTotalTrades"": 22.426708221435547, ""NumTradesOpeninLast12M"": -8.896745681762695, ""PercentInstallTrades"": 26.552501678466797, ""MSinceMostRecentInqexcl7days"": 41.211544036865234, ""NumInqLast6M"": -37.39010238647461, ""NumInqLast6Mexcl7days"": -32.969078063964844, ""NetFractionRevolvingBurden"": -0.808690071105957, ""NetFractionInstallBurden"": 24.554340362548828, ""NumRevolvingTradesWBalance"": -15.130203247070312, ""NumInstallTradesWBalance"": 5.833667755126953, ""NumBank2NatlTradesWHighUtilization"": -4.032412528991699, ""PercentTradesWBalance"": 50.58839797973633, ""MaxDelq2PublicRecLast12M"": ""Never Delinquent"", ""MaxDelqEver"": ""Never Delinquent""}"
vanillacf,1771,0,1,"[{""feature"": ""ExternalRiskEstimate"", ""from"": 58.0, ""to"": 149.7135772705078}, {""feature"": ""MSinceOldestTradeOpen"", ""from"": 33.0, ""to"": 35.80931091308594}, {""feature"": ""MSinceMostRecentTradeOpen"", ""from"": 5.0, ""to"": -121.00850677490234}, {""feature"": ""AverageMInFile"", ""from"": 17.999998092651367, ""to"": 103.44587707519531}, {""feature"": ""NumSatisfactoryTrades"", ""from"": 12.0, ""to"": 118.68033599853516}, {""feature"": ""NumTrades60Ever2DerogPubRec"", ""from"": 0.0, ""to"": -71.04630279541016}, {""feature"": ""NumTrades90Ever2DerogPubRec"", ""from"": 0.0, ""to"": -57.45462417602539}, {""feature"": ""PercentTradesNeverDelq"", ""from"": 100.0, ""to"": 148.30165100097656}, {""feature"": ""MSinceMostRecentDelq"", ""from"": -7.0, ""to"": 49.218994140625}, {""feature"": ""NumTotalTrades"", ""from"": 12.0, ""to"": 42.35883331298828}, {""feature"": ""NumTradesOpeninLast12M"", ""from"": 4.0, ""to"": -85.3502426147461}, {""feature"": ""PercentInstallTrades"", ""from"": 49.999996185302734, ""to"": 18.966754913330078}, {""feature"": ""MSinceMostRecentInqexcl7days"", ""from"": 0.0, ""to"": 136.60838317871094}, {""feature"": ""NumInqLast6M"", ""from"": 1.0, ""to"": -111.96507263183594}, {""feature"": ""NumInqLast6Mexcl7days"", ""from"": 1.0, ""to"": -111.63541412353516}, {""feature"": ""NetFractionRevolvingBurden"", ""from"": 95.99999237060547, ""to"": -27.494630813598633}, {""feature"": ""NetFractionInstallBurden"", ""from"": 68.0, ""to"": 86.6182632446289}, {""feature"": ""NumRevolvingTradesWBalance"", ""from"": 5.0, ""to"": -80.69466400146484}, {""feature"": ""NumInstallTradesWBalance"", ""from"": 5.0, ""to"": 81.19503784179688}, {""feature"": ""NumBank2NatlTradesWHighUtilization"", ""from"": 4.0, ""to"": 30.91788101196289}, {""feature"": ""PercentTradesWBalance"", ""from"": 91.0, ""to"": 48.79834747314453}]","{""ExternalRiskEstimate"": 58.0, ""MSinceOldestTradeOpen"": 33.0, ""MSinceMostRecentTradeOpen"": 5.0, ""AverageMInFile"": 17.999998092651367, ""NumSatisfactoryTrades"": 12.0, ""NumTrades60Ever2DerogPubRec"": 0.0, ""NumTrades90Ever2DerogPubRec"": 0.0, ""PercentTradesNeverDelq"": 100.0, ""MSinceMostRecentDelq"": -7.0, ""NumTotalTrades"": 12.0, ""NumTradesOpeninLast12M"": 4.0, ""PercentInstallTrades"": 49.999996185302734, ""MSinceMostRecentInqexcl7days"": 0.0, ""NumInqLast6M"": 1.0, ""NumInqLast6Mexcl7days"": 1.0, ""NetFractionRevolvingBurden"": 95.99999237060547, ""NetFractionInstallBurden"": 68.0, ""NumRevolvingTradesWBalance"": 5.0, ""NumInstallTradesWBalance"": 5.0, ""NumBank2NatlTradesWHighUtilization"": 4.0, ""PercentTradesWBalance"": 91.0, ""MaxDelq2PublicRecLast12M"": ""Never Delinquent"", ""MaxDelqEver"": ""Never Delinquent""}","{""ExternalRiskEstimate"": 149.7135772705078, ""MSinceOldestTradeOpen"": 35.80931091308594, ""MSinceMostRecentTradeOpen"": -121.00850677490234, ""AverageMInFile"": 103.44587707519531, ""NumSatisfactoryTrades"": 118.68033599853516, ""NumTrades60Ever2DerogPubRec"": -71.04630279541016, ""NumTrades90Ever2DerogPubRec"": -57.45462417602539, ""PercentTradesNeverDelq"": 148.30165100097656, ""MSinceMostRecentDelq"": 49.218994140625, ""NumTotalTrades"": 42.35883331298828, ""NumTradesOpeninLast12M"": -85.3502426147461, ""PercentInstallTrades"": 18.966754913330078, ""MSinceMostRecentInqexcl7days"": 136.60838317871094, ""NumInqLast6M"": -111.96507263183594, ""NumInqLast6Mexcl7days"": -111.63541412353516, ""NetFractionRevolvingBurden"": -27.494630813598633, ""NetFractionInstallBurden"": 86.6182632446289, ""NumRevolvingTradesWBalance"": -80.69466400146484, ""NumInstallTradesWBalance"": 81.19503784179688, ""NumBank2NatlTradesWHighUtilization"": 30.91788101196289, ""PercentTradesWBalance"": 48.79834747314453, ""MaxDelq2PublicRecLast12M"": ""Never Delinquent"", ""MaxDelqEver"": ""Never Delinquent""}"
vanillacf,1701,1,1,[],"{""ExternalRiskEstimate"": 91.0, ""MSinceOldestTradeOpen"": 132.0, ""MSinceMostRecentTradeOpen"": 36.0, ""AverageMInFile"": 143.0, ""NumSatisfactoryTrades"": 13.0, ""NumTrades60Ever2DerogPubRec"": 0.0, ""NumTrades90Ever2DerogPubRec"": 0.0, ""PercentTradesNeverDelq"": 100.0, ""MSinceMostRecentDelq"": -7.0, ""NumTotalTrades"": 2.0, ""NumTradesOpeninLast12M"": 0.0, ""PercentInstallTrades"": 8.0, ""MSinceMostRecentInqexcl7days"": 21.0, ""NumInqLast6M"": 0.0, ""NumInqLast6Mexcl7days"": 0.0, ""NetFractionRevolvingBurden"": 9.0, ""NetFractionInstallBurden"": -8.0, ""NumRevolvingTradesWBalance"": 2.0, ""NumInstallTradesWBalance"": -8.0, ""NumBank2NatlTradesWHighUtilization"": 0.0, ""PercentTradesWBalance"": 22.000001907348633, ""MaxDelq2PublicRecLast12M"": ""Never Delinquent"", ""MaxDelqEver"": ""Never Delinquent""}","{""ExternalRiskEstimate"": 91.0, ""MSinceOldestTradeOpen"": 132.0, ""MSinceMostRecentTradeOpen"": 36.0, ""AverageMInFile"": 143.0, ""NumSatisfactoryTrades"": 13.0, ""NumTrades60Ever2DerogPubRec"": 0.0, ""NumTrades90Ever2DerogPubRec"": 0.0, ""PercentTradesNeverDelq"": 100.0, ""MSinceMostRecentDelq"": -7.0, ""NumTotalTrades"": 2.0, ""NumTradesOpeninLast12M"": 0.0, ""PercentInstallTrades"": 8.0, ""MSinceMostRecentInqexcl7days"": 21.0, ""NumInqLast6M"": 0.0, ""NumInqLast6Mexcl7days"": 0.0, ""NetFractionRevolvingBurden"": 9.0, ""NetFractionInstallBurden"": -8.0, ""NumRevolvingTradesWBalance"": 2.0, ""NumInstallTradesWBalance"": -8.0, ""NumBank2NatlTradesWHighUtilization"": 0.0, ""PercentTradesWBalance"": 22.000001907348633, ""MaxDelq2PublicRecLast12M"": ""Never Delinquent"", ""MaxDelqEver"": ""Never Delinquent""}"
vanillacf,1327,0,1,"[{""feature"": ""ExternalRiskEstimate"", ""from"": 63.0, ""to"": 154.7001190185547}, {""feature"": ""MSinceOldestTradeOpen"", ""from"": 211.99998474121094, ""to"": 214.9319305419922}, {""feature"": ""MSinceMostRecentTradeOpen"", ""from"": 3.0, ""to"": -97.67575073242188}, {""feature"": ""AverageMInFile"", ""from"": 62.0, ""to"": 147.6684112548828}, {""feature"": ""NumSatisfactoryTrades"", ""from"": 16.0, ""to"": 121.929931640625}, {""feature"": ""NumTrades60Ever2DerogPubRec"", ""from"": 2.0, ""to"": -57.2982063293457}, {""feature"": ""NumTrades90Ever2DerogPubRec"", ""from"": 0.0, ""to"": -45.91472625732422}, {""feature"": ""PercentTradesNeverDelq"", ""from"": 72.0, ""to"": 110.33729553222656}, {""feature"": ""MSinceMostRecentDelq"", ""from"": 12.0, ""to"": 60.232276916503906}, {""feature"": ""NumTotalTrades"", ""from"": 20.000001907348633, ""to"": 41.07033920288086}, {""feature"": ""NumTradesOpeninLast12M"", ""from"": 1.0, ""to"": -83.04942321777344}, {""feature"": ""PercentInstallTrades"", ""from"": 44.0, ""to"": 20.76841926574707}, {""feature"": ""MSinceMostRecentInqexcl7days"", ""from"": -7.0, ""to"": 152.31320190429688}, {""feature"": ""NumInqLast6M"", ""from"": 2.0, ""to"": -130.4450225830078}, {""feature"": ""NumInqLast6Mexcl7days"", ""from"": 2.0, ""to"": -127.6641845703125}, {""feature"": ""NetFractionRevolvingBurden"", ""from"": 66.0, ""to"": -69.503662109375}, {""feature"": ""NetFractionInstallBurden"", ""from"": 89.0, ""to"": 105.84197235107422}, {""feature"": ""NumRevolvingTradesWBalance"", ""from"": 3.0, ""to"": -87.19274139404297}, {""feature"": ""NumInstallTradesWBalance"", ""from"": 5.0, ""to"": 72.14466857910156}, {""feature"": ""NumBank2NatlTradesWHighUtilization"", ""from"": 2.0, ""to"": 23.818572998046875}, {""feature"": ""PercentTradesWBalance"", ""from"": 73.0, ""to"": 41.29981231689453}]","{""ExternalRiskEstimate"": 63.0, ""MSinceOldestTradeOpen"": 211.99998474121094, ""MSinceMostRecentTradeOpen"": 3.0, ""AverageMInFile"": 62.0, ""NumSatisfactoryTrades"": 16.0, ""NumTrades60Ever2DerogPubRec"": 2.0, ""NumTrades90Ever2DerogPubRec"": 0.0, ""PercentTradesNeverDelq"": 72.0, ""MSinceMostRecentDelq"": 12.0, ""NumTotalTrades"": 20.000001907348633, ""NumTradesOpeninLast12M"": 1.0, ""PercentInstallTrades"": 44.0, ""MSinceMostRecentInqexcl7days"": -7.0, ""NumInqLast6M"": 2.0, ""NumInqLast6Mexcl7days"": 2.0, ""NetFractionRevolvingBurden"": 66.0, ""NetFractionInstallBurden"": 89.0, ""NumRevolvingTradesWBalance"": 3.0, ""NumInstallTradesWBalance"": 5.0, ""NumBank2NatlTradesWHighUtilization"": 2.0, ""PercentTradesWBalance"": 73.0, ""MaxDelq2PublicRecLast12M"": NaN, ""MaxDelqEver"": ""60 Days Delinquent""}","{""ExternalRiskEstimate"": 154.7001190185547, ""MSinceOldestTradeOpen"": 214.9319305419922, ""MSinceMostRecentTradeOpen"": -97.67575073242188, ""AverageMInFile"": 147.6684112548828, ""NumSatisfactoryTrades"": 121.929931640625, ""NumTrades60Ever2DerogPubRec"": -57.2982063293457, ""NumTrades90Ever2DerogPubRec"": -45.91472625732422, ""PercentTradesNeverDelq"": 110.33729553222656, ""MSinceMostRecentDelq"": 60.232276916503906, ""NumTotalTrades"": 41.07033920288086, ""NumTradesOpeninLast12M"": -83.04942321777344, ""PercentInstallTrades"": 20.76841926574707, ""MSinceMostRecentInqexcl7days"": 152.31320190429688, ""NumInqLast6M"": -130.4450225830078, ""NumInqLast6Mexcl7days"": -127.6641845703125, ""NetFractionRevolvingBurden"": -69.503662109375, ""NetFractionInstallBurden"": 105.84197235107422, ""NumRevolvingTradesWBalance"": -87.19274139404297, ""NumInstallTradesWBalance"": 72.14466857910156, ""NumBank2NatlTradesWHighUtilization"": 23.818572998046875, ""PercentTradesWBalance"": 41.29981231689453, ""MaxDelq2PublicRecLast12M"": NaN, ""MaxDelqEver"": ""60 Days Delinquent""}"
vanillacf,1065,0,1,"[{""feature"": ""ExternalRiskEstimate"", ""from"": 59.0, ""to"": 133.00790405273438}, {""feature"": ""MSinceOldestTradeOpen"", ""from"": 90.0, ""to"": 92.81970977783203}, {""feature"": ""MSinceMostRecentTradeOpen"", ""from"": 11.0, ""to"": -60.16470718383789}, {""feature"": ""AverageMInFile"", ""from"": 49.999996185302734, ""to"": 114.35263061523438}, {""feature"": ""NumSatisfactoryTrades"", ""from"": 27.0, ""to"": 114.46044158935547}, {""feature"": ""NumTrades60Ever2DerogPubRec"", ""from"": 0.0, ""to"": -41.24656677246094}, {""feature"": ""NumTrades90Ever2DerogPubRec"", ""from"": 0.0, ""to"": -31.806936264038086}, {""feature"": ""PercentTradesNeverDelq"", ""from"": 95.99999237060547, ""to"": 122.23435974121094}, {""feature"": ""MSinceMostRecentDelq"", ""from"": 76.0, ""to"": 109.17127990722656}, {""feature"": ""NumTotalTrades"", ""from"": 27.0, ""to"": 43.337772369384766}, {""feature"": ""NumTradesOpeninLast12M"", ""from"": 1.0, ""to"": -61.18732833862305}, {""feature"": ""PercentInstallTrades"", ""from"": 15.0, ""to"": -3.2420482635498047}, {""feature"": ""MSinceMostRecentInqexcl7days"", ""from"": 1.0, ""to"": 185.6226043701172}, {""feature"": ""NumInqLast6M"", ""from"": 2.0, ""to"": -141.95526123046875}, {""feature"": ""NumInqLast6Mexcl7days"", ""from"": 2.0, ""to"": -135.697265625}, {""feature"": ""NetFractionRevolvingBurden"", ""from"": 68.0, ""to"": -64.80891418457031}, {""feature"": ""NetFractionInstallBurden"", ""from"": 83.0, ""to"": 97.84898376464844}, {""feature"": ""NumRevolvingTradesWBalance"", ""from"": 11.0, ""to"": -64.56140899658203}, {""feature"": ""NumInstallTradesWBalance"", ""from"": 1.0, ""to"": 48.65095520019531}, {""feature"": ""NumBank2NatlTradesWHighUtilization"", ""from"": 2.0, ""to"": 19.772235870361328}, {""feature"": ""PercentTradesWBalance"", ""from"": 86.0, ""to"": 63.333946228027344}]","{""ExternalRiskEstimate"": 59.0, ""MSinceOldestTradeOpen"": 90.0, ""MSinceMostRecentTradeOpen"": 11.0, ""AverageMInFile"": 49.999996185302734, ""NumSatisfactoryTrades"": 27.0, ""NumTrades60Ever2DerogPubRec"": 0.0, ""NumTrades90Ever2DerogPubRec"": 0.0, ""PercentTradesNeverDelq"": 95.99999237060547, ""MSinceMostRecentDelq"": 76.0, ""NumTotalTrades"": 27.0, ""NumTradesOpeninLast12M"": 1.0, ""PercentInstallTrades"": 15.0, ""MSinceMostRecentInqexcl7days"": 1.0, ""NumInqLast6M"": 2.0, ""NumInqLast6Mexcl7days"": 2.0, ""NetFractionRevolvingBurden"": 68.0, ""NetFractionInstallBurden"": 83.0, ""NumRevolvingTradesWBalance"": 11.0, ""NumInstallTradesWBalance"": 1.0, ""NumBank2NatlTradesWHighUtilization"": 2.0, ""PercentTradesWBalance"": 86.0, ""MaxDelq2PublicRecLast12M"": NaN, ""MaxDelqEver"": ""30 Days Delinquent""}","{""ExternalRiskEstimate"": 133.00790405273438, ""MSinceOldestTradeOpen"": 92.81970977783203, ""MSinceMostRecentTradeOpen"": -60.16470718383789, ""AverageMInFile"": 114.35263061523438, ""NumSatisfactoryTrades"": 114.46044158935547, ""NumTrades60Ever2DerogPubRec"": -41.24656677246094, ""NumTrades90Ever2DerogPubRec"": -31.806936264038086, ""PercentTradesNeverDelq"": 122.23435974121094, ""MSinceMostRecentDelq"": 109.17127990722656, ""NumTotalTrades"": 43.337772369384766, ""NumTradesOpeninLast12M"": -61.18732833862305, ""PercentInstallTrades"": -3.2420482635498047, ""MSinceMostRecentInqexcl7days"": 185.6226043701172, ""NumInqLast6M"": -141.95526123046875, ""NumInqLast6Mexcl7days"": -135.697265625, ""NetFractionRevolvingBurden"": -64.80891418457031, ""NetFractionInstallBurden"": 97.84898376464844, ""NumRevolvingTradesWBalance"": -64.56140899658203, ""NumInstallTradesWBalance"": 48.65095520019531, ""NumBank2NatlTradesWHighUtilization"": 19.772235870361328, ""PercentTradesWBalance"": 63.333946228027344, ""MaxDelq2PublicRecLast12M"": NaN, ""MaxDelqEver"": ""30 Days Delinquent""}"
vanillacf,562,1,1,[],"{""ExternalRiskEstimate"": 86.0, ""MSinceOldestTradeOpen"": 292.0, ""MSinceMostRecentTradeOpen"": 5.0, ""AverageMInFile"": 114.0, ""NumSatisfactoryTrades"": 20.000001907348633, ""NumTrades60Ever2DerogPubRec"": 0.0, ""NumTrades90Ever2DerogPubRec"": 0.0, ""PercentTradesNeverDelq"": 100.0, ""MSinceMostRecentDelq"": -7.0, ""NumTotalTrades"": 22.000001907348633, ""NumTradesOpeninLast12M"": 1.0, ""PercentInstallTrades"": 24.0, ""MSinceMostRecentInqexcl7days"": 6.0, ""NumInqLast6M"": 0.0, ""NumInqLast6Mexcl7days"": 0.0, ""NetFractionRevolvingBurden"": 6.0, ""NetFractionInstallBurden"": 12.0, ""NumRevolvingTradesWBalance"": 3.0, ""NumInstallTradesWBalance"": 1.0, ""NumBank2NatlTradesWHighUtilization"": 1.0, ""PercentTradesWBalance"": 57.0, ""MaxDelq2PublicRecLast12M"": ""Never Delinquent"", ""MaxDelqEver"": ""Never Delinquent""}","{""ExternalRiskEstimate"": 86.0, ""MSinceOldestTradeOpen"": 292.0, ""MSinceMostRecentTradeOpen"": 5.0, ""AverageMInFile"": 114.0, ""NumSatisfactoryTrades"": 20.000001907348633, ""NumTrades60Ever2DerogPubRec"": 0.0, ""NumTrades90Ever2DerogPubRec"": 0.0, ""PercentTradesNeverDelq"": 100.0, ""MSinceMostRecentDelq"": -7.0, ""NumTotalTrades"": 22.000001907348633, ""NumTradesOpeninLast12M"": 1.0, ""PercentInstallTrades"": 24.0, ""MSinceMostRecentInqexcl7days"": 6.0, ""NumInqLast6M"": 0.0, ""NumInqLast6Mexcl7days"": 0.0, ""NetFractionRevolvingBurden"": 6.0, ""NetFractionInstallBurden"": 12.0, ""NumRevolvingTradesWBalance"": 3.0, ""NumInstallTradesWBalance"": 1.0, ""NumBank2NatlTradesWHighUtilization"": 1.0, ""PercentTradesWBalance"": 57.0, ""MaxDelq2PublicRecLast12M"": ""Never Delinquent"", ""MaxDelqEver"": ""Never Delinquent""}"
vanillacf,85,1,1,[],"{""ExternalRiskEstimate"": 87.0, ""MSinceOldestTradeOpen"": 318.0, ""MSinceMostRecentTradeOpen"": 31.0, ""AverageMInFile"": 98.99999237060547, ""NumSatisfactoryTrades"": 12.0, ""NumTrades60Ever2DerogPubRec"": 0.0, ""NumTrades90Ever2DerogPubRec"": 0.0, ""PercentTradesNeverDelq"": 100.0, ""MSinceMostRecentDelq"": -7.0, ""NumTotalTrades"": 12.0, ""NumTradesOpeninLast12M"": 0.0, ""PercentInstallTrades"": 25.0, ""MSinceMostRecentInqexcl7days"": 0.0, ""NumInqLast6M"": 0.0, ""NumInqLast6Mexcl7days"": 0.0, ""NetFractionRevolvingBurden"": 0.0, ""NetFractionInstallBurden"": 52.0, ""NumRevolvingTradesWBalance"": 0.0, ""NumInstallTradesWBalance"": 2.0, ""NumBank2NatlTradesWHighUtilization"": 0.0, ""PercentTradesWBalance"": 25.0, ""MaxDelq2PublicRecLast12M"": ""Never Delinquent"", ""MaxDelqEver"": ""Never Delinquent""}","{""ExternalRiskEstimate"": 87.0, ""MSinceOldestTradeOpen"": 318.0, ""MSinceMostRecentTradeOpen"": 31.0, ""AverageMInFile"": 98.99999237060547, ""NumSatisfactoryTrades"": 12.0, ""NumTrades60Ever2DerogPubRec"": 0.0, ""NumTrades90Ever2DerogPubRec"": 0.0, ""PercentTradesNeverDelq"": 100.0, ""MSinceMostRecentDelq"": -7.0, ""NumTotalTrades"": 12.0, ""NumTradesOpeninLast12M"": 0.0, ""PercentInstallTrades"": 25.0, ""MSinceMostRecentInqexcl7days"": 0.0, ""NumInqLast6M"": 0.0, ""NumInqLast6Mexcl7days"": 0.0, ""NetFractionRevolvingBurden"": 0.0, ""NetFractionInstallBurden"": 52.0, ""NumRevolvingTradesWBalance"": 0.0, ""NumInstallTradesWBalance"": 2.0, ""NumBank2NatlTradesWHighUtilization"": 0.0, ""PercentTradesWBalance"": 25.0, ""MaxDelq2PublicRecLast12M"": ""Never Delinquent"", ""MaxDelqEver"": ""Never Delinquent""}"
vanillacf,34,1,1,[],"{""ExternalRiskEstimate"": 85.0, ""MSinceOldestTradeOpen"": 319.0, ""MSinceMostRecentTradeOpen"": 3.0, ""AverageMInFile"": 91.0, ""NumSatisfactoryTrades"": 15.0, ""NumTrades60Ever2DerogPubRec"": 0.0, ""NumTrades90Ever2DerogPubRec"": 0.0, ""PercentTradesNeverDelq"": 100.0, ""MSinceMostRecentDelq"": -7.0, ""NumTotalTrades"": 17.0, ""NumTradesOpeninLast12M"": 2.0, ""PercentInstallTrades"": 24.0, ""MSinceMostRecentInqexcl7days"": 0.0, ""NumInqLast6M"": 5.0, ""NumInqLast6Mexcl7days"": 5.0, ""NetFractionRevolvingBurden"": 3.0, ""NetFractionInstallBurden"": -8.0, ""NumRevolvingTradesWBalance"": 2.0, ""NumInstallTradesWBalance"": 1.0, ""NumBank2NatlTradesWHighUtilization"": 0.0, ""PercentTradesWBalance"": 49.999996185302734, ""MaxDelq2PublicRecLast12M"": ""Never Delinquent"", ""MaxDelqEver"": ""Never Delinquent""}","{""ExternalRiskEstimate"": 85.0, ""MSinceOldestTradeOpen"": 319.0, ""MSinceMostRecentTradeOpen"": 3.0, ""AverageMInFile"": 91.0, ""NumSatisfactoryTrades"": 15.0, ""NumTrades60Ever2DerogPubRec"": 0.0, ""NumTrades90Ever2DerogPubRec"": 0.0, ""PercentTradesNeverDelq"": 100.0, ""MSinceMostRecentDelq"": -7.0, ""NumTotalTrades"": 17.0, ""NumTradesOpeninLast12M"": 2.0, ""PercentInstallTrades"": 24.0, ""MSinceMostRecentInqexcl7days"": 0.0, ""NumInqLast6M"": 5.0, ""NumInqLast6Mexcl7days"": 5.0, ""NetFractionRevolvingBurden"": 3.0, ""NetFractionInstallBurden"": -8.0, ""NumRevolvingTradesWBalance"": 2.0, ""NumInstallTradesWBalance"": 1.0, ""NumBank2NatlTradesWHighUtilization"": 0.0, ""PercentTradesWBalance"": 49.999996185302734, ""MaxDelq2PublicRecLast12M"": ""Never Delinquent"", ""MaxDelqEver"": ""Never Delinquent""}"
vanillacf,642,1,1,[],"{""ExternalRiskEstimate"": 84.0, ""MSinceOldestTradeOpen"": 403.0000305175781, ""MSinceMostRecentTradeOpen"": 14.0, ""AverageMInFile"": 157.0, ""NumSatisfactoryTrades"": 26.0, ""NumTrades60Ever2DerogPubRec"": 0.0, ""NumTrades90Ever2DerogPubRec"": 0.0, ""PercentTradesNeverDelq"": 100.0, ""MSinceMostRecentDelq"": -7.0, ""NumTotalTrades"": 27.0, ""NumTradesOpeninLast12M"": 0.0, ""PercentInstallTrades"": 7.0, ""MSinceMostRecentInqexcl7days"": 13.0, ""NumInqLast6M"": 0.0, ""NumInqLast6Mexcl7days"": 0.0, ""NetFractionRevolvingBurden"": 3.0, ""NetFractionInstallBurden"": -8.0, ""NumRevolvingTradesWBalance"": 11.0, ""NumInstallTradesWBalance"": 1.0, ""NumBank2NatlTradesWHighUtilization"": 1.0, ""PercentTradesWBalance"": 75.0, ""MaxDelq2PublicRecLast12M"": ""Never Delinquent"", ""MaxDelqEver"": ""Never Delinquent""}","{""ExternalRiskEstimate"": 84.0, ""MSinceOldestTradeOpen"": 403.0000305175781, ""MSinceMostRecentTradeOpen"": 14.0, ""AverageMInFile"": 157.0, ""NumSatisfactoryTrades"": 26.0, ""NumTrades60Ever2DerogPubRec"": 0.0, ""NumTrades90Ever2DerogPubRec"": 0.0, ""PercentTradesNeverDelq"": 100.0, ""MSinceMostRecentDelq"": -7.0, ""NumTotalTrades"": 27.0, ""NumTradesOpeninLast12M"": 0.0, ""PercentInstallTrades"": 7.0, ""MSinceMostRecentInqexcl7days"": 13.0, ""NumInqLast6M"": 0.0, ""NumInqLast6Mexcl7days"": 0.0, ""NetFractionRevolvingBurden"": 3.0, ""NetFractionInstallBurden"": -8.0, ""NumRevolvingTradesWBalance"": 11.0, ""NumInstallTradesWBalance"": 1.0, ""NumBank2NatlTradesWHighUtilization"": 1.0, ""PercentTradesWBalance"": 75.0, ""MaxDelq2PublicRecLast12M"": ""Never Delinquent"", ""MaxDelqEver"": ""Never Delinquent""}"
vanillacf,366,1,1,[],"{""ExternalRiskEstimate"": 72.0, ""MSinceOldestTradeOpen"": 365.0, ""MSinceMostRecentTradeOpen"": 1.0, ""AverageMInFile"": 46.0, ""NumSatisfactoryTrades"": 21.0, ""NumTrades60Ever2DerogPubRec"": 0.0, ""NumTrades90Ever2DerogPubRec"": 0.0, ""PercentTradesNeverDelq"": 95.0, ""MSinceMostRecentDelq"": 53.000003814697266, ""NumTotalTrades"": 40.0, ""NumTradesOpeninLast12M"": 3.0, ""PercentInstallTrades"": 9.0, ""MSinceMostRecentInqexcl7days"": 11.0, ""NumInqLast6M"": 0.0, ""NumInqLast6Mexcl7days"": 0.0, ""NetFractionRevolvingBurden"": 20.000001907348633, ""NetFractionInstallBurden"": -8.0, ""NumRevolvingTradesWBalance"": 7.0, ""NumInstallTradesWBalance"": 1.0, ""NumBank2NatlTradesWHighUtilization"": 1.0, ""PercentTradesWBalance"": 56.0, ""MaxDelq2PublicRecLast12M"": NaN, ""MaxDelqEver"": ""30 Days Delinquent""}","{""ExternalRiskEstimate"": 72.0, ""MSinceOldestTradeOpen"": 365.0, ""MSinceMostRecentTradeOpen"": 1.0, ""AverageMInFile"": 46.0, ""NumSatisfactoryTrades"": 21.0, ""NumTrades60Ever2DerogPubRec"": 0.0, ""NumTrades90Ever2DerogPubRec"": 0.0, ""PercentTradesNeverDelq"": 95.0, ""MSinceMostRecentDelq"": 53.000003814697266, ""NumTotalTrades"": 40.0, ""NumTradesOpeninLast12M"": 3.0, ""PercentInstallTrades"": 9.0, ""MSinceMostRecentInqexcl7days"": 11.0, ""NumInqLast6M"": 0.0, ""NumInqLast6Mexcl7days"": 0.0, ""NetFractionRevolvingBurden"": 20.000001907348633, ""NetFractionInstallBurden"": -8.0, ""NumRevolvingTradesWBalance"": 7.0, ""NumInstallTradesWBalance"": 1.0, ""NumBank2NatlTradesWHighUtilization"": 1.0, ""PercentTradesWBalance"": 56.0, ""MaxDelq2PublicRecLast12M"": NaN, ""MaxDelqEver"": ""30 Days Delinquent""}"
vanillacf,157,1,1,[],"{""ExternalRiskEstimate"": 73.0, ""MSinceOldestTradeOpen"": 188.0, ""MSinceMostRecentTradeOpen"": 4.0, ""AverageMInFile"": 83.0, ""NumSatisfactoryTrades"": 31.0, ""NumTrades60Ever2DerogPubRec"": 0.0, ""NumTrades90Ever2DerogPubRec"": 0.0, ""PercentTradesNeverDelq"": 100.0, ""MSinceMostRecentDelq"": -7.0, ""NumTotalTrades"": 32.0, ""NumTradesOpeninLast12M"": 2.0, ""PercentInstallTrades"": 42.0, ""MSinceMostRecentInqexcl7days"": 7.0, ""NumInqLast6M"": 1.0, ""NumInqLast6Mexcl7days"": 0.0, ""NetFractionRevolvingBurden"": 37.0, ""NetFractionInstallBurden"": 85.0, ""NumRevolvingTradesWBalance"": 2.0, ""NumInstallTradesWBalance"": 4.0, ""NumBank2NatlTradesWHighUtilization"": 2.0, ""PercentTradesWBalance"": 75.0, ""MaxDelq2PublicRecLast12M"": ""Never Delinquent"", ""MaxDelqEver"": ""Never Delinquent""}","{""ExternalRiskEstimate"": 73.0, ""MSinceOldestTradeOpen"": 188.0, ""MSinceMostRecentTradeOpen"": 4.0, ""AverageMInFile"": 83.0, ""NumSatisfactoryTrades"": 31.0, ""NumTrades60Ever2DerogPubRec"": 0.0, ""NumTrades90Ever2DerogPubRec"": 0.0, ""PercentTradesNeverDelq"": 100.0, ""MSinceMostRecentDelq"": -7.0, ""NumTotalTrades"": 32.0, ""NumTradesOpeninLast12M"": 2.0, ""PercentInstallTrades"": 42.0, ""MSinceMostRecentInqexcl7days"": 7.0, ""NumInqLast6M"": 1.0, ""NumInqLast6Mexcl7days"": 0.0, ""NetFractionRevolvingBurden"": 37.0, ""NetFractionInstallBurden"": 85.0, ""NumRevolvingTradesWBalance"": 2.0, ""NumInstallTradesWBalance"": 4.0, ""NumBank2NatlTradesWHighUtilization"": 2.0, ""PercentTradesWBalance"": 75.0, ""MaxDelq2PublicRecLast12M"": ""Never Delinquent"", ""MaxDelqEver"": ""Never Delinquent""}"
